model,horizon,fold,n_obs,threshold,recall,precision,f1,specificity,false_negative_rate,false_positive_rate,pr_auc,roc_auc,brier,log_loss,ece,calibration_slope,calibration_intercept,expected_false_negative_loss,expected_false_positive_opportunity_cost,expected_cost,worst_missed_drawdown,mean_missed_drawdown,alert_fraction,tp,fp,fn,tn,multiclass_macro_f1,selected_kind,selected_feature_group
multiclass_probability_sum,20,0,497,0.42,1.0,0.2525879917184265,0.4033057851239669,0.037333333333333336,0.0,0.9626666666666667,0.3833520223988004,0.665136612021858,0.25771766524251444,0.7086846150730984,0.28446350312110874,3.6150688252503116,-1.6792025911306727,0.0,0.02196582845044501,0.02196582845044501,,,0.971830985915493,122,361,0,14,0.16274499167497303,EBM_probability_sum,base
candidate_risk_off,20,0,497,0.37,0.9836065573770492,0.24390243902439024,0.39087947882736157,0.008,0.01639344262295082,0.992,0.23435924744371675,0.5137267759562841,0.3047515835198541,0.8062288091210775,0.3439389272092944,0.1626985493818108,-1.1814243879038022,0.00033826436114612924,0.022743404783335554,0.023758197866773943,0.08574655586154549,0.08405869374481312,0.9899396378269618,120,372,2,3,0.16274499167497303,logistic,base_plus_downside_all
multiclass_probability_sum,20,1,497,0.47,0.5431034482758621,0.21575342465753425,0.3088235294117647,0.3989501312335958,0.45689655172413796,0.6010498687664042,0.2871610865145474,0.4843198479500408,0.24479035457961554,0.6825858437345194,0.2542636974546413,-0.028856837757645866,-1.1912704801115364,0.009784764560826673,0.018902603336117353,0.048256897018597374,0.14430536585550743,0.09175524503265768,0.5875251509054326,63,229,53,152,0.29812511837132283,EBM_probability_sum,base
candidate_risk_off,20,1,497,0.05,1.0,0.23340040241448692,0.37846655791190864,0.0,0.0,1.0,0.24933422527368237,0.5537605213141461,0.26946859840792386,0.7337177748797559,0.2940772469913366,0.2633796167200178,-1.221096960700097,0.0,0.029210255022592845,0.029210255022592845,,,1.0,116,381,0,0,0.29812511837132283,hist_gradient_boosting,base_plus_downside_all
multiclass_probability_sum,20,2,497,0.46,0.4305555555555556,0.21754385964912282,0.289044289044289,0.36827195467422097,0.5694444444444444,0.6317280453257791,0.21521982853033905,0.34802880075542963,0.27070664418884427,0.7360181338468819,0.21622844862920856,-1.455972972291045,-1.0851864022418893,0.019513139831975782,0.013591902165803041,0.07213132166173038,0.32203974799631657,0.11826866459136541,0.5734406438631791,62,223,82,130,0.15440580787362707,EBM_probability_sum,base
candidate_risk_off,20,2,497,0.57,0.3125,0.1859504132231405,0.23316062176165803,0.44192634560906513,0.6875,0.5580736543909348,0.21552771239957735,0.3330775889203651,0.29958641358450816,0.7947210150406491,0.28173797639740156,-2.445841438655959,-0.3617611906562028,0.02321164628217528,0.011091725971388846,0.08072666481791468,0.32203974799631657,0.11652715355799105,0.4869215291750503,45,197,99,156,0.15440580787362707,ebm,base_plus_downside_all
multiclass_probability_sum,40,0,495,0.4,0.925,0.25227272727272726,0.3964285714285714,0.12266666666666666,0.075,0.8773333333333333,0.2876789104371191,0.5477333333333334,0.2619050036686137,0.7178254323253788,0.2760317713640561,0.5237675599985842,-1.1901986426523843,0.0014726856061597952,0.032154444039816675,0.03657250085829607,0.09492042840510204,0.08099770833878873,0.8888888888888888,111,329,9,46,0.15086962836549808,EBM_probability_sum,base
candidate_risk_off,40,0,495,0.29,0.9166666666666666,0.2268041237113402,0.36363636363636365,0.0,0.08333333333333333,1.0,0.19582036135661818,0.40975555555555554,0.3166812468621831,0.8351293212067783,0.3658138813055616,-1.0986339680935395,-0.8809827869264216,0.0017010331960716537,0.03567558455680458,0.04077868414501954,0.09212270368139987,0.08420114320554686,0.9797979797979798,110,375,10,0,0.15086962836549808,logistic,base_plus_downside_price
multiclass_probability_sum,40,1,495,0.39,0.8942307692307693,0.2325,0.36904761904761907,0.21483375959079284,0.10576923076923077,0.7851662404092071,0.2736723493001667,0.5872024395042298,0.2270982241132536,0.646470113991913,0.25126485629030926,1.0107113433236863,-1.1912751579114502,0.002638374901502179,0.04005405910724369,0.04796918381175023,0.1708596326470173,0.11872687056759806,0.8080808080808081,93,307,11,84,0.34220522955516136,EBM_probability_sum,base
candidate_risk_off,40,1,495,0.05,1.0,0.2101010101010101,0.34724540901502504,0.0,0.0,1.0,0.33790722197863005,0.6466407633287429,0.271523256503806,0.7371914015155541,0.3368323368423727,1.9271599012832406,-1.7673501743942148,0.0,0.048559470468182465,0.048559470468182465,,,1.0,104,391,0,0,0.34220522955516136,ebm,base_plus_downside_price
multiclass_probability_sum,40,2,495,0.19,0.9383561643835616,0.2830578512396694,0.43492063492063493,0.0057306590257879654,0.06164383561643835,0.994269340974212,0.20306632706956523,0.2810181732543078,0.31673323423524696,0.8472020067496885,0.30167961546837296,-1.3140167911417686,-1.1790463051232312,0.005272334645559409,0.04104448858411114,0.05686149252078937,0.408136455848165,0.2899784055057675,0.9777777777777777,137,347,9,2,0.19583005641975829,EBM_probability_sum,base
candidate_risk_off,40,2,495,0.44,0.8767123287671232,0.2838137472283814,0.4288107202680067,0.07449856733524356,0.1232876712328767,0.9255014326647565,0.24081918272498343,0.3857400792872002,0.2874622881016372,0.7698322888934543,0.2492909506742147,-1.2977829449566116,-0.6668034271213656,0.00473160017446047,0.037168536724238165,0.05136333724761957,0.408136455848165,0.13011900479766292,0.9111111111111111,128,323,18,26,0.19583005641975829,hist_gradient_boosting,base
multiclass_probability_sum,60,0,493,0.44,0.8725490196078431,0.2018140589569161,0.3278084714548803,0.09974424552429667,0.12745098039215685,0.9002557544757033,0.21621170498754197,0.47866205305651677,0.2757544287381878,0.7457001349450119,0.3244506740849452,-0.2102192394136035,-1.3182893845936576,0.0032883052972269653,0.038096383411431345,0.04796129930311224,0.15882063760029586,0.12470265473329953,0.8945233265720081,89,352,13,39,0.19094421725201077,EBM_probability_sum,base
candidate_risk_off,60,0,493,0.44,1.0,0.20689655172413793,0.34285714285714286,0.0,0.0,1.0,0.24244632725458104,0.5775036357253899,0.30678056701300765,0.809882849620839,0.3788095961313693,0.898341976468865,-1.6723979085488452,0.0,0.04220404113915212,0.04220404113915212,,,1.0,102,391,0,0,0.19094421725201077,hist_gradient_boosting,base
multiclass_probability_sum,60,1,493,0.35,0.963302752293578,0.24475524475524477,0.3903345724907063,0.15625,0.03669724770642202,0.84375,0.294797141295108,0.595589640672783,0.2190904784506956,0.6294550712700141,0.2244733301101324,1.1362729342887716,-1.0425632800543592,0.0013948643552954619,0.05371279786771297,0.05789739093359936,0.1842783209849838,0.17191703179016568,0.8701825557809331,105,324,4,60,0.39107814909742283,EBM_probability_sum,base
candidate_risk_off,60,1,493,0.64,0.23853211009174313,0.4,0.2988505747126437,0.8984375,0.7614678899082569,0.1015625,0.2981330471273198,0.6030557148318043,0.2571634106119423,0.7086311657274497,0.2973056395691566,0.9948784932061793,-1.3740374863284692,0.023454629305078325,0.010347442122418218,0.08071133003765318,0.25894098630654655,0.1393148463542604,0.13184584178498987,26,39,83,345,0.39107814909742283,hist_gradient_boosting,base
multiclass_probability_sum,60,2,493,0.11,0.9538461538461539,0.2546201232032854,0.4019448946515397,0.0,0.046153846153846156,1.0,0.17149449764612384,0.23916083916083916,0.3236173454861031,0.8625728252683724,0.3381527817825077,-1.4946873685421986,-1.4757945321095054,0.004462536967423954,0.054156207415897634,0.0675438183181695,0.408136455848165,0.36667178749000157,0.9878296146044625,124,363,6,0,0.15723201042797344,EBM_probability_sum,base
candidate_risk_off,60,2,493,0.49,0.9076923076923077,0.24532224532224534,0.3862520458265139,0.0,0.09230769230769231,1.0,0.15528253761996424,0.1305785123966942,0.3292116820181184,0.856091335796048,0.36610874178732883,-10.227628885673035,2.1160869136231457,0.009123463807951643,0.054156207415897634,0.08152659883975255,0.408136455848165,0.37482230477668005,0.9756592292089249,118,363,12,0,0.15723201042797344,ebm,base
