date,horizon,fold,model,actual_risk_off,probability,threshold,alert,forward_return,future_mae
2020-03-24,20,0,multiclass_probability_sum,0,0.5192247725578514,0.49,1,0.15394478450154675,0.004616079692811852
2020-03-30,20,0,multiclass_probability_sum,0,0.5146858971160602,0.49,1,0.14710232981920116,0.0004076117780754718
2020-05-04,20,0,multiclass_probability_sum,0,0.5252014961957965,0.49,1,0.1418462371285337,0.002214027878861953
2020-03-23,20,0,multiclass_probability_sum,0,0.508965911452242,0.49,1,0.14010301039088294,-0.01113301587785287
2020-05-05,20,0,multiclass_probability_sum,0,0.4999438787869042,0.49,1,0.13521809747848498,0.023831740450791252
2017-11-02,20,0,multiclass_probability_sum,0,0.5261936758572872,0.49,1,0.1312466181213637,0.012690858654217072
2017-11-03,20,0,multiclass_probability_sum,0,0.4913068986720829,0.49,1,0.1294444371912882,0.006332649558034385
2017-12-15,20,0,multiclass_probability_sum,0,0.5276982077276593,0.49,1,0.12857478785423704,0.01158835434427728
2020-12-17,20,0,multiclass_probability_sum,0,0.5284587202043334,0.49,1,0.12700204589722436,0.014807535459071354
2017-12-13,20,0,multiclass_probability_sum,0,0.514711412937838,0.49,1,0.12565618706599366,0.011572759243244145
2020-12-11,20,0,multiclass_probability_sum,0,0.5039419034104661,0.49,1,0.1247148192804355,0.005539335239784134
2020-12-10,20,0,multiclass_probability_sum,0,0.5524970027014958,0.49,1,0.12458553088434743,0.014493216658684761
2017-12-11,20,0,multiclass_probability_sum,0,0.5319749767099431,0.49,1,0.11916635005811989,0.00754679586926295
2017-10-31,20,0,multiclass_probability_sum,0,0.5200250778867174,0.49,1,0.11700773890724928,-0.005016863076016063
2020-04-29,20,0,multiclass_probability_sum,0,0.503700540844002,0.49,1,0.11688260019239091,-0.008670838743590035
2020-12-15,20,0,multiclass_probability_sum,0,0.5159399299800664,0.49,1,0.11683179984726685,-0.003322199122111105
2020-04-28,20,0,multiclass_probability_sum,0,0.49756423301473396,0.49,1,0.11578680564890859,-0.006197394449860097
2017-12-21,20,0,multiclass_probability_sum,0,0.5025967129261287,0.49,1,0.11566912101294423,0.006595120776870579
2017-12-14,20,0,multiclass_probability_sum,0,0.49396796150624833,0.49,1,0.11519499234428067,-0.0007375695814352092
2017-11-07,20,0,multiclass_probability_sum,0,0.4935141430924398,0.49,1,0.1143051400648742,0.01095898174574021
2020-03-20,20,0,multiclass_probability_sum,0,0.49857284694059356,0.49,1,0.11341976207345843,-0.07384246763668896
2020-11-16,20,0,multiclass_probability_sum,0,0.5298409750761799,0.49,1,0.1125820348187735,0.018868189419210448
2020-03-26,20,0,multiclass_probability_sum,0,0.49055546805071,0.49,1,0.1122281657692905,-0.04711628031859396
2020-12-18,20,0,multiclass_probability_sum,0,0.5071732077698856,0.49,1,0.11030023711320881,5.620661553331797e-05
2020-12-16,20,0,multiclass_probability_sum,0,0.4949649969196619,0.49,1,0.10692444264996757,-0.014367140970939841
2020-04-27,20,0,multiclass_probability_sum,0,0.49201323193338425,0.49,1,0.10660783997212185,-0.010826851735547193
2020-12-08,20,0,multiclass_probability_sum,0,0.5228380618383064,0.49,1,0.10499999753788625,0.0016018099018983414
2020-07-27,20,0,multiclass_probability_sum,0,0.5224106492645415,0.49,1,0.10107456324693004,0.007195416860559414
2020-07-29,20,0,multiclass_probability_sum,0,0.5128606828985841,0.49,1,0.09937811268691556,0.00950152816203515
2017-10-23,20,0,multiclass_probability_sum,0,0.5003329028030293,0.49,1,0.09697832928779866,0.006321133563370733
2020-07-31,20,0,multiclass_probability_sum,0,0.51042857606037,0.49,1,0.09616494442905064,0.020161373280249105
2020-12-04,20,0,multiclass_probability_sum,0,0.5105488204519458,0.49,1,0.09248589443629367,0.007577751730749735
2020-11-18,20,0,multiclass_probability_sum,0,0.4904982815499589,0.49,1,0.09166823820818998,0.009944940635203504
2019-01-18,20,0,multiclass_probability_sum,0,0.5420353851487352,0.49,1,0.0916562674702916,0.00469912687136281
2019-01-17,20,0,multiclass_probability_sum,0,0.5516503862204651,0.49,1,0.0907548189324703,0.0004544975939980683
2020-10-29,20,0,multiclass_probability_sum,0,0.5085227068849812,0.49,1,0.09033435943196624,0.00692854686781607
2020-12-24,20,0,multiclass_probability_sum,0,0.5237566740940145,0.49,1,0.08890961665820386,0.015707080542987972
2020-07-30,20,0,multiclass_probability_sum,0,0.5013256799733283,0.49,1,0.08786917182340435,-0.003426031159479446
2020-10-30,20,0,multiclass_probability_sum,0,0.49634750089510093,0.49,1,0.08762169132044462,0.00883205052677949
2019-01-31,20,0,multiclass_probability_sum,0,0.5101649591686075,0.49,1,0.08760875704310059,-0.002176638284336294
2020-11-11,20,0,multiclass_probability_sum,0,0.5082425187930246,0.49,1,0.08734300304972722,-0.0015028825588478435
2017-11-09,20,0,multiclass_probability_sum,0,0.499845844415182,0.49,1,0.08704527537679613,0.009036223488976682
2019-01-23,20,0,multiclass_probability_sum,0,0.5329097871003647,0.49,1,0.086535036377818,0.0005393951199936799
2020-11-17,20,0,multiclass_probability_sum,0,0.49649462812700135,0.49,1,0.08539052994682028,0.004767233587459033
2019-01-22,20,0,multiclass_probability_sum,0,0.5428891838586087,0.49,1,0.08508464198756634,0.0017964109684048546
2020-11-06,20,0,multiclass_probability_sum,0,0.5061831877257769,0.49,1,0.08495855501754455,0.013234148304741454
2017-12-08,20,0,multiclass_probability_sum,0,0.5028393127138188,0.49,1,0.08434693591750393,-0.02445199101449514
2020-11-30,20,0,multiclass_probability_sum,0,0.5312791739628309,0.49,1,0.0843218693914949,0.005755626117826618
2017-12-19,20,0,multiclass_probability_sum,0,0.4992523436093861,0.49,1,0.0839015384975781,-0.005649613441783947
2020-11-05,20,0,multiclass_probability_sum,0,0.5196032200770432,0.49,1,0.08387841965905866,0.0005756807050099062
2020-11-23,20,0,multiclass_probability_sum,0,0.49260511674936097,0.49,1,0.08378748517972445,0.0015779294210976843
2020-10-28,20,0,multiclass_probability_sum,0,0.5380429651025256,0.49,1,0.08218095358383898,-0.0021411538887236036
2019-02-01,20,0,multiclass_probability_sum,0,0.49919635675982577,0.49,1,0.08091342411489673,0.01900022821600692
2017-11-10,20,0,multiclass_probability_sum,0,0.500027176502451,0.49,1,0.07961645266290615,0.012738005198996446
2020-12-03,20,0,multiclass_probability_sum,0,0.49868457619448764,0.49,1,0.07921565765929468,0.0016558160634956485
2020-12-02,20,0,multiclass_probability_sum,0,0.5114306152307615,0.49,1,0.07885287453472573,0.005388092401362768
2018-07-11,20,0,multiclass_probability_sum,0,0.49968931108448333,0.49,1,0.07867756210457225,0.005972099662405361
2020-11-10,20,0,multiclass_probability_sum,0,0.49913016020056333,0.49,1,0.0781353891580411,-0.0011667692855114582
2020-12-23,20,0,multiclass_probability_sum,0,0.5117852665816968,0.49,1,0.07610074183286797,-0.010603802267021933
2020-11-25,20,0,multiclass_probability_sum,0,0.4971407207171302,0.49,1,0.07600200537522936,0.003135268317000039
2017-12-07,20,0,multiclass_probability_sum,0,0.5237938817950424,0.49,1,0.07588326338561806,-0.022844590239408505
2020-11-03,20,0,multiclass_probability_sum,0,0.5038333205636425,0.49,1,0.07560123576860878,0.002498453113713965
2019-01-25,20,0,multiclass_probability_sum,0,0.5009225385224513,0.49,1,0.07496187709222937,-0.0002310803014327476
2017-12-06,20,0,multiclass_probability_sum,0,0.4950725396491573,0.49,1,0.073338094900178,-0.03237660076652726
2020-07-28,20,0,multiclass_probability_sum,0,0.4919095166031567,0.49,1,0.07204385003504597,-0.028078144260225833
2018-11-15,20,0,multiclass_probability_sum,0,0.5859190997331718,0.49,1,0.06797059506733841,0.0011585550551187845
2018-09-06,20,0,multiclass_probability_sum,0,0.526142457972032,0.49,1,0.06605455481717076,0.011115319231001118
2019-01-16,20,0,multiclass_probability_sum,0,0.527146607413068,0.49,1,0.06587882424667316,-0.007522445294844456
2018-11-14,20,0,multiclass_probability_sum,0,0.5845356203262553,0.49,1,0.06483816655939996,-0.004204490977584781
2019-01-14,20,0,multiclass_probability_sum,0,0.5289202719442954,0.49,1,0.06389376908478661,9.979541947313105e-05
2019-01-24,20,0,multiclass_probability_sum,0,0.5103693844943931,0.49,1,0.06050098501717585,-0.00013205242500450264
2018-07-05,20,0,multiclass_probability_sum,0,0.4954343490182642,0.49,1,0.05846398771392039,-0.006962138176787398
2019-01-10,20,0,multiclass_probability_sum,0,0.5108214803527149,0.49,1,0.05841802565301778,0.003888677751822909
2018-11-16,20,0,multiclass_probability_sum,0,0.5727854577619318,0.49,1,0.0582254235016123,0.019700237498567513
2017-08-22,20,0,multiclass_probability_sum,0,0.5366896667726577,0.49,1,0.0569350749222141,0.006181104512328893
2020-09-25,20,0,multiclass_probability_sum,0,0.5194048344589904,0.49,1,0.0567032326589702,-0.0047344549740734486
2019-01-08,20,0,multiclass_probability_sum,0,0.5431171694820361,0.49,1,0.05491851017063191,0.010703800294231512
2019-06-27,20,0,multiclass_probability_sum,0,0.5612087296143382,0.49,1,0.05350955981660503,0.007215899882236328
2017-12-05,20,0,multiclass_probability_sum,0,0.5001262294946726,0.49,1,0.05347961553680419,-0.038331566968569715
2020-09-17,20,0,multiclass_probability_sum,0,0.5125687125820887,0.49,1,0.05306122644629259,0.007699245270928868
2018-11-13,20,0,multiclass_probability_sum,0,0.5738956056338407,0.49,1,0.052916708094815156,-0.009131672915084306
2019-01-09,20,0,multiclass_probability_sum,0,0.5065287749833984,0.49,1,0.05240472904640646,0.0014593745105250825
2018-09-05,20,0,multiclass_probability_sum,0,0.5154129742855825,0.49,1,0.05226345681102483,-0.010640441296674111
2019-01-11,20,0,multiclass_probability_sum,0,0.5146219390812666,0.49,1,0.05199703801694382,-0.00100858413324493
2017-11-14,20,0,multiclass_probability_sum,0,0.4921737689430911,0.49,1,0.05127910425395015,0.0019166544946218964
2020-10-27,20,0,multiclass_probability_sum,0,0.5459185877997499,0.49,1,0.05076699026674213,-0.02936610471647746
2017-06-02,20,0,multiclass_probability_sum,0,0.5118541662751743,0.49,1,0.04971722324580763,0.006314532214239113
2017-08-18,20,0,multiclass_probability_sum,0,0.5298858909323911,0.49,1,0.04934919744647005,-0.010077001814331825
2017-11-17,20,0,multiclass_probability_sum,0,0.5058009197269584,0.49,1,0.048721194393403985,0.014335005594107077
2017-08-17,20,0,multiclass_probability_sum,0,0.553445381139064,0.49,1,0.048604656073705274,-0.00828078120330861
2017-08-23,20,0,multiclass_probability_sum,0,0.5220793050708232,0.49,1,0.04835614097284656,0.004935709189755941
2017-10-03,20,0,multiclass_probability_sum,0,0.49053481466955284,0.49,1,0.048049945174088816,0.009019353445915153
2017-08-24,20,0,multiclass_probability_sum,0,0.5091890923442264,0.49,1,0.04739297682585266,0.002413391595680737
2017-04-25,20,0,multiclass_probability_sum,0,0.5060222170173182,0.49,1,0.04737724468021973,0.0034706091466691637
2018-11-09,20,0,multiclass_probability_sum,0,0.5567906196070519,0.49,1,0.047315647009830215,-0.018924735622787892
2017-08-21,20,0,multiclass_probability_sum,0,0.5389719526592183,0.49,1,0.04717903981242315,-0.009842895060583362
2017-06-05,20,0,multiclass_probability_sum,0,0.4936159875657233,0.49,1,0.04650167444847444,0.008344487580150882
2020-09-16,20,0,multiclass_probability_sum,0,0.4938628519141343,0.49,1,0.04649165267408138,-0.003829176718028059
2017-11-15,20,0,multiclass_probability_sum,0,0.49250150835917134,0.49,1,0.046284111789853755,0.009135676639694001
2017-04-24,20,0,multiclass_probability_sum,0,0.5213201547835015,0.49,1,0.045940604951117285,-0.002554748490722803
2020-09-18,20,0,multiclass_probability_sum,0,0.4956358833610688,0.49,1,0.045934603482984115,0.003357474080811035
2020-09-29,20,0,multiclass_probability_sum,0,0.5294706951757027,0.49,1,0.04593203817234574,0.0013597247270958413
2019-06-28,20,0,multiclass_probability_sum,0,0.5271621916854786,0.49,1,0.04468424450876656,0.010940627259386904
2020-10-26,20,0,multiclass_probability_sum,0,0.5375689732035569,0.49,1,0.044624599785585466,-0.03393056577653635
2020-09-24,20,0,multiclass_probability_sum,0,0.523961186962956,0.49,1,0.04447377469951765,-0.005075704942984885
2020-05-15,20,0,multiclass_probability_sum,0,0.4998652115003701,0.49,1,0.04317608880930429,0.011995047788379242
2017-04-20,20,0,multiclass_probability_sum,0,0.5107247954034171,0.49,1,0.04317098606703919,-0.007153751006242704
2017-08-25,20,0,multiclass_probability_sum,0,0.5062217429745618,0.49,1,0.043057354355102065,0.0031054720039218474
2018-09-04,20,0,multiclass_probability_sum,0,0.5146447154515718,0.49,1,0.0429698184743845,-0.018355020953608678
2017-08-16,20,0,multiclass_probability_sum,0,0.521536607267894,0.49,1,0.041464522390618264,-0.016041208429179346
2017-05-31,20,0,multiclass_probability_sum,0,0.509904462727381,0.49,1,0.04144309134514971,0.001340891283983128
2020-09-22,20,0,multiclass_probability_sum,0,0.516029096236775,0.49,1,0.041321985373733855,-0.002441760826925267
2020-09-28,20,0,multiclass_probability_sum,0,0.5011281613025229,0.49,1,0.04111565002939229,-0.009380849203012276
2018-11-12,20,0,multiclass_probability_sum,0,0.5344906214059275,0.49,1,0.04031474263790672,-0.02310502887308509
2017-08-15,20,0,multiclass_probability_sum,0,0.5526773376644325,0.49,1,0.04031451225956736,-0.01279123632027987
2019-01-07,20,0,multiclass_probability_sum,0,0.520609143048871,0.49,1,0.04016533366198005,-0.002475973083838974
2018-09-07,20,0,multiclass_probability_sum,0,0.4945615541258508,0.49,1,0.03994887117391322,0.001485118154193626
2021-03-04,20,0,multiclass_probability_sum,0,0.5099423602397719,0.49,1,0.039911026193884314,-0.005758856938232196
2019-06-18,20,0,multiclass_probability_sum,0,0.5574158170340615,0.49,1,0.03956655906465657,-0.0009538344866621582
2017-04-21,20,0,multiclass_probability_sum,0,0.5063643270160998,0.49,1,0.03925256552241183,-0.006802891044886987
2019-10-07,20,0,multiclass_probability_sum,0,0.5379812832626509,0.49,1,0.03923675349983921,0.00047797016138885837
2017-05-30,20,0,multiclass_probability_sum,0,0.5145415964946433,0.49,1,0.0389231717239137,-0.00052844455610758
2020-09-11,20,0,multiclass_probability_sum,0,0.5252653284207252,0.49,1,0.03864858247895843,0.005687027739168962
2018-10-30,20,0,multiclass_probability_sum,0,0.5114104412873026,0.49,1,0.03801076859642448,0.009474603868687818
2017-08-29,20,0,multiclass_probability_sum,0,0.5192361562090424,0.49,1,0.03770252607298487,0.005951018412835604
2018-11-07,20,0,multiclass_probability_sum,0,0.5092722155228647,0.49,1,0.037230926951904754,-0.027495672134081408
2019-10-09,20,0,multiclass_probability_sum,0,0.5087833153087082,0.49,1,0.03684946467368815,-0.0043319755883622635
2020-09-15,20,0,multiclass_probability_sum,0,0.5068705874482815,0.49,1,0.03680348772826581,-0.0024800325508057674
2019-10-10,20,0,multiclass_probability_sum,0,0.5077185412773795,0.49,1,0.036446131641403194,-0.00387632782656924
2019-01-03,20,0,multiclass_probability_sum,0,0.5600433767059296,0.49,1,0.03626149852064215,0.0030469803918394887
2020-10-21,20,0,multiclass_probability_sum,0,0.5198754159409168,0.49,1,0.03608121339872021,-0.021474257870194836
2019-10-08,20,0,multiclass_probability_sum,0,0.49580627126189714,0.49,1,0.03589843671437548,-0.004726702447565098
2018-10-29,20,0,multiclass_probability_sum,0,0.5210144442432338,0.49,1,0.035597868692237564,-0.00014627203248569678
2017-08-10,20,0,multiclass_probability_sum,0,0.5443992383324638,0.49,1,0.035275435611266386,-0.01586021295357208
2020-09-14,20,0,multiclass_probability_sum,0,0.496555586050087,0.49,1,0.03434747658328235,-0.0005926389939811708
2017-06-09,20,0,multiclass_probability_sum,0,0.4960695043014367,0.49,1,0.034104718003584104,0.0018256813061350763
2019-06-19,20,0,multiclass_probability_sum,0,0.5392493578056297,0.49,1,0.03403597247229007,-0.00695269072946088
2017-07-10,20,0,multiclass_probability_sum,0,0.5318238536174894,0.49,1,0.033885027501030944,-0.00893670364894821
2020-09-09,20,0,multiclass_probability_sum,0,0.5240665002263529,0.49,1,0.03361215014253243,-0.0005623854287944385
2019-12-24,20,0,multiclass_probability_sum,0,0.5207181111722935,0.49,1,0.033412667521402754,-0.010378213137619656
2020-09-10,20,0,multiclass_probability_sum,0,0.5279243626564916,0.49,1,0.03321726459055883,0.00016874884025224797
2017-09-27,20,0,multiclass_probability_sum,0,0.49185926950655007,0.49,1,0.032943522130864024,-0.007204561151688256
2017-08-11,20,0,multiclass_probability_sum,0,0.5482854056849331,0.49,1,0.03235604479770209,-0.014113216372055796
2017-05-25,20,0,multiclass_probability_sum,0,0.49377120784140915,0.49,1,0.032345795966205265,-0.0055280495977424226
2019-07-03,20,0,multiclass_probability_sum,0,0.536271094965425,0.49,1,0.03204085463525454,0.006186635466783984
2019-01-04,20,0,multiclass_probability_sum,0,0.5248970748328033,0.49,1,0.03103787984446641,0.00739680131465438
2017-09-21,20,0,multiclass_probability_sum,0,0.5166034625500058,0.49,1,0.030623511774881516,-0.0074036032621916815
2020-07-24,20,0,multiclass_probability_sum,0,0.5422292496956465,0.49,1,0.03043098575404653,-0.05451288528519017
2018-11-08,20,0,multiclass_probability_sum,0,0.5116888047106527,0.49,1,0.030346276290671607,-0.03195349259108707
2017-08-14,20,0,multiclass_probability_sum,0,0.5273609185860331,0.49,1,0.03016515649992234,-0.0193966131285396
2019-06-25,20,0,multiclass_probability_sum,0,0.5211818068611869,0.49,1,0.030090647808194284,-0.0178857671374698
2019-06-26,20,0,multiclass_probability_sum,0,0.5210963034572763,0.49,1,0.030070967855582786,-0.016843698746014463
2019-06-13,20,0,multiclass_probability_sum,0,0.5426417696334471,0.49,1,0.029607442848981105,-0.007363266752325355
2017-08-09,20,0,multiclass_probability_sum,0,0.5456070131162571,0.49,1,0.02937079902962483,-0.016157545366934492
2020-09-07,20,0,multiclass_probability_sum,0,0.5270360400099283,0.49,1,0.029321042429757638,0.000641505421337044
2020-09-23,20,0,multiclass_probability_sum,0,0.5091224646612837,0.49,1,0.0286593421230509,-0.009380849203012276
2017-07-11,20,0,multiclass_probability_sum,0,0.4907720225386595,0.49,1,0.028459314677793245,-0.01258273091836263
2020-09-08,20,0,multiclass_probability_sum,0,0.5131832206440198,0.49,1,0.028277284029354907,-0.0014840134036206187
2019-10-04,20,0,multiclass_probability_sum,0,0.5396770069473351,0.49,1,0.027957371522973378,-0.004566959446908403
2019-12-23,20,0,multiclass_probability_sum,0,0.5265143004267729,0.49,1,0.02769217963978047,-0.010951634550290749
2019-12-19,20,0,multiclass_probability_sum,0,0.550869950493715,0.49,1,0.027652676929890565,-0.003450383175266673
2017-09-19,20,0,multiclass_probability_sum,0,0.5231323909402693,0.49,1,0.027366444511069152,-0.009888292650022626
2018-08-15,20,0,multiclass_probability_sum,0,0.49227964076410347,0.49,1,0.027272738700283617,-0.0033132623195855264
2018-08-29,20,0,multiclass_probability_sum,0,0.4995790674466998,0.49,1,0.027153609346188032,-0.030808659563792404
2017-09-20,20,0,multiclass_probability_sum,0,0.5073430485265376,0.49,1,0.026764902794589214,-0.009801432699230157
2019-01-02,20,0,multiclass_probability_sum,0,0.5419677957768894,0.49,1,0.02665585268903059,-0.015288692515090354
2019-06-17,20,0,multiclass_probability_sum,0,0.5472502515151608,0.49,1,0.02665462986410589,-0.004063368658674628
2018-09-10,20,0,multiclass_probability_sum,0,0.4966688346815736,0.49,1,0.026221206709792624,0.01505602747735622
2018-12-28,20,0,multiclass_probability_sum,0,0.5668616073353612,0.49,1,0.025868611963387883,-0.01617419885276119
2019-06-06,20,0,multiclass_probability_sum,0,0.5599890167270913,0.49,1,0.025849194599525394,-0.005393071887585847
2019-07-02,20,0,multiclass_probability_sum,0,0.5332119219743854,0.49,1,0.024682977943776628,-0.001654208464108109
2019-04-18,20,0,multiclass_probability_sum,0,0.6131703840037742,0.49,1,0.024624176643222914,-0.01601659956993887
2017-09-26,20,0,multiclass_probability_sum,0,0.4945491095466196,0.49,1,0.024397287583056863,-0.009168368086879443
2017-09-22,20,0,multiclass_probability_sum,0,0.4990651802772301,0.49,1,0.024126460176272974,-0.011376148304953575
2020-10-16,20,0,multiclass_probability_sum,0,0.49937572739989333,0.49,1,0.024079630542931402,-0.02601119594630493
2019-12-18,20,0,multiclass_probability_sum,0,0.5742689482767135,0.49,1,0.02407877674229779,-0.0022630278431935848
2019-06-21,20,0,multiclass_probability_sum,0,0.5142434314470927,0.49,1,0.02383787689585791,-0.016916678890234862
2018-08-31,20,0,multiclass_probability_sum,0,0.5117239244240203,0.49,1,0.023312848529627426,-0.032194100522413074
2019-12-20,20,0,multiclass_probability_sum,0,0.548636305124779,0.49,1,0.02296694301866631,-0.0077989678334543355
2017-04-17,20,0,multiclass_probability_sum,0,0.5137004180717271,0.49,1,0.022768241508309816,-0.0045826040250256765
2019-06-14,20,0,multiclass_probability_sum,0,0.5330306092077141,0.49,1,0.02259286044266944,-0.011071858010213096
2019-10-17,20,0,multiclass_probability_sum,0,0.4992645328367781,0.49,1,0.022457140188817885,-0.006344465838552557
2020-10-06,20,0,multiclass_probability_sum,0,0.4975900337744552,0.49,1,0.02132889809283388,0.003455967157583461
2020-10-05,20,0,multiclass_probability_sum,0,0.5132214703798175,0.49,1,0.020559489773204043,0.0010817604245548903
2019-09-03,20,0,multiclass_probability_sum,0,0.5468733189739323,0.49,1,0.020445897806396704,-0.010314818934005938
2020-10-08,20,0,multiclass_probability_sum,0,0.5091442980449249,0.49,1,0.020371384048964384,0.00026116479647007846
2019-06-12,20,0,multiclass_probability_sum,0,0.5645907769260012,0.49,1,0.02021004350952242,-0.011658927814995286
2019-06-03,20,0,multiclass_probability_sum,0,0.5925276414654326,0.49,1,0.020020751558894285,-0.003556349602910216
2018-05-25,20,0,multiclass_probability_sum,0,0.5063897366793592,0.49,1,0.019794490384503788,-0.03392301643055465
2019-06-24,20,0,multiclass_probability_sum,0,0.5020064088149815,0.49,1,0.01973440429655077,-0.0207147116028272
2019-10-21,20,0,multiclass_probability_sum,0,0.5190535890623901,0.49,1,0.01948241055097286,0.003683880862839207
2019-08-29,20,0,multiclass_probability_sum,0,0.5234743261784958,0.49,1,0.019480182694388205,-0.0095282819543117
2018-12-26,20,0,multiclass_probability_sum,0,0.5732688073475823,0.49,1,0.019027248022648265,-0.015288692515090354
2018-11-19,20,0,multiclass_probability_sum,0,0.536755459019532,0.49,1,0.01901977095272687,0.002082845635572233
2019-09-11,20,0,multiclass_probability_sum,0,0.533819519893428,0.49,1,0.018926139996944067,0.00694982698396375
2018-10-26,20,0,multiclass_probability_sum,0,0.524458884147512,0.49,1,0.018859250722301248,-0.01355699133564508
2017-09-15,20,0,multiclass_probability_sum,0,0.5017195647872018,0.49,1,0.018601813754198334,-0.009751795054029832
2020-05-22,20,0,multiclass_probability_sum,0,0.49095370324534254,0.49,1,0.018381973459944724,-0.02405750929440259
2019-09-10,20,0,multiclass_probability_sum,0,0.545922712712432,0.49,1,0.01834126820699308,-0.0009795986491536375
2019-04-19,20,0,multiclass_probability_sum,0,0.5801419436272067,0.49,1,0.01802109292856459,-0.020071549098384066
2019-02-28,20,0,multiclass_probability_sum,0,0.5078097162980987,0.49,1,0.017973744657830287,0.004464523811278856
2017-09-25,20,0,multiclass_probability_sum,0,0.5043414916612418,0.49,1,0.017790604676681924,-0.009453917429883623
2019-06-07,20,0,multiclass_probability_sum,0,0.53413546599767,0.49,1,0.017646117317804345,-0.01595708601771863
2019-06-20,20,0,multiclass_probability_sum,0,0.5137483961585115,0.49,1,0.017435061822101347,-0.016895827963931614
2020-10-15,20,0,multiclass_probability_sum,0,0.5004659585754052,0.49,1,0.017371259722990647,-0.02543857363868452
2020-09-30,20,0,multiclass_probability_sum,0,0.5154337447530015,0.49,1,0.017347362617496014,0.005178732540228374
2019-04-22,20,0,multiclass_probability_sum,0,0.563537037478036,0.49,1,0.017295165188918448,-0.01970924338085979
2020-10-02,20,0,multiclass_probability_sum,0,0.5148087320634862,0.49,1,0.016956023056360327,0.005228583809935716
2017-07-07,20,0,multiclass_probability_sum,0,0.5249886437867964,0.49,1,0.0165561404036985,-0.020828252008504806
2019-09-05,20,0,multiclass_probability_sum,0,0.557653682833749,0.49,1,0.015904948224733054,-0.007687207065099888
2018-10-25,20,0,multiclass_probability_sum,0,0.5164190490141677,0.49,1,0.01553511857144019,-0.023882926960310503
2019-04-17,20,0,multiclass_probability_sum,0,0.5986464639432603,0.49,1,0.015343063192532069,-0.02614902703460707
2017-09-11,20,0,multiclass_probability_sum,0,0.5161797843982217,0.49,1,0.0143052556818004,0.000664381053225999
2019-12-17,20,0,multiclass_probability_sum,0,0.5617489760879361,0.49,1,0.01408232099019604,-0.005307393922479388
2017-09-13,20,0,multiclass_probability_sum,0,0.49595819589957296,0.49,1,0.013818235247846807,-0.0059721063568633085
2019-09-04,20,0,multiclass_probability_sum,0,0.5409799030908593,0.49,1,0.013774966138574454,-0.008546797175437177
2019-09-06,20,0,multiclass_probability_sum,0,0.5538626206710328,0.49,1,0.013774196069643417,-0.004908957624457802
2019-08-28,20,0,multiclass_probability_sum,0,0.5457056175327346,0.49,1,0.013709494653723314,-0.008168259248067179
2019-08-06,20,0,multiclass_probability_sum,0,0.5358997445412491,0.49,1,0.01340740077155723,0.0013674932461426568
2017-09-12,20,0,multiclass_probability_sum,0,0.5024056220888589,0.49,1,0.013299670140791496,-0.0024281274054779637
2019-03-11,20,0,multiclass_probability_sum,0,0.5017499258410993,0.49,1,0.013076830006896847,-0.015155914110424558
2019-08-30,20,0,multiclass_probability_sum,0,0.5221124070833854,0.49,1,0.012622477774764659,-0.015102392634318701
2018-12-27,20,0,multiclass_probability_sum,0,0.5600618517533658,0.49,1,0.012542980453652866,-0.02539722684323625
2018-12-25,20,0,multiclass_probability_sum,0,0.5482645399779382,0.49,1,0.012010793460018678,-0.02220611920129178
2017-07-24,20,0,multiclass_probability_sum,0,0.5364041392429146,0.49,1,0.011841580801544464,0.009862490797081545
2017-09-14,20,0,multiclass_probability_sum,0,0.49922267632813655,0.49,1,0.011774342500214705,-0.010372088596813812
2019-09-12,20,0,multiclass_probability_sum,0,0.5134576445561068,0.49,1,0.011520665251187211,0.007166367263228878
2019-06-04,20,0,multiclass_probability_sum,0,0.541670924711755,0.49,1,0.011311368081104486,-0.008499367524626801
2019-08-07,20,0,multiclass_probability_sum,0,0.5268806821471526,0.49,1,0.01118031741507729,0.0009313107318555851
2019-08-27,20,0,multiclass_probability_sum,0,0.5582945445740479,0.49,1,0.01070225938355022,-0.007687207065099888
2019-10-02,20,0,multiclass_probability_sum,0,0.5279084502967165,0.49,1,0.009738641684204477,-0.008205569066818796
2017-07-17,20,0,multiclass_probability_sum,0,0.5303512995689225,0.49,1,0.00939764080939654,-0.011997658060104098
2019-06-05,20,0,multiclass_probability_sum,0,0.5517027158951964,0.49,1,0.009394357195599288,-0.008762169946023994
2017-07-21,20,0,multiclass_probability_sum,0,0.5528240857498511,0.49,1,0.009289145268510204,-0.0027865422867828166
2020-09-04,20,0,multiclass_probability_sum,0,0.4978441644732702,0.49,1,0.00924128136830604,-0.014851177251515989
2019-09-09,20,0,multiclass_probability_sum,0,0.5168481163516959,0.49,1,0.009166173076892128,-0.00495002117030078
2017-04-14,20,0,multiclass_probability_sum,0,0.5007962449109785,0.49,1,0.009116919633703919,-0.015245416345282042
2018-11-20,20,0,multiclass_probability_sum,0,0.5208239154494713,0.49,1,0.008915331465182539,-0.0011431745565835061
2017-09-08,20,0,multiclass_probability_sum,0,0.49145469398411984,0.49,1,0.008203899337649154,-0.0046663873950804164
2019-12-03,20,0,multiclass_probability_sum,0,0.5490960122395074,0.49,1,0.00789799448219189,-0.0024152571912474463
2020-10-19,20,0,multiclass_probability_sum,0,0.5017036259790056,0.49,1,0.007495495588503665,-0.026424552673741986
2019-08-14,20,0,multiclass_probability_sum,0,0.5357939782516841,0.49,1,0.007362576832462625,0.0004127498484988585
2019-03-26,20,0,multiclass_probability_sum,0,0.5220378135339594,0.49,1,0.00732521216021091,-0.007753300851320556
2019-06-11,20,0,multiclass_probability_sum,0,0.5318891390991443,0.49,1,0.007228997055534427,-0.01990428826815241
2019-07-08,20,0,multiclass_probability_sum,0,0.5320150368194464,0.49,1,0.007012145257107346,0.0027901227152799146
2019-10-03,20,0,multiclass_probability_sum,0,0.4953479893879952,0.49,1,0.006397948775387942,-0.009475961042640094
2019-08-05,20,0,multiclass_probability_sum,0,0.5389628858867215,0.49,1,0.006361064414175718,-0.008814358115950334
2017-06-28,20,0,multiclass_probability_sum,0,0.491431679894185,0.49,1,0.006273839052725626,-0.012166714271696924
2019-07-24,20,0,multiclass_probability_sum,0,0.5043967028217091,0.49,1,0.006021835938840579,-0.02437371685203324
2019-05-10,20,0,multiclass_probability_sum,0,0.5863309590767247,0.49,1,0.0059974117793444815,-0.00640332463546395
2017-07-03,20,0,multiclass_probability_sum,0,0.49564864093829375,0.49,1,0.005977885610117217,-0.024880720873243986
2019-12-02,20,0,multiclass_probability_sum,0,0.5448770445028572,0.49,1,0.005944912901398243,-0.008563524621815647
2019-12-16,20,0,multiclass_probability_sum,0,0.5545093457100359,0.49,1,0.005735132159278753,-0.01307563972175996
2019-08-26,20,0,multiclass_probability_sum,0,0.5431881359619593,0.49,1,0.005327230623868615,-0.013902559246863446
2017-07-18,20,0,multiclass_probability_sum,0,0.5299821736655567,0.49,1,0.00464074148659576,-0.01014918057464532
2019-05-13,20,0,multiclass_probability_sum,0,0.5544913611553167,0.49,1,0.004538270758571721,-0.012672019061686622
2019-03-08,20,0,multiclass_probability_sum,0,0.5104306266055022,0.49,1,0.004061772807511421,-0.015815862861437328
2019-09-16,20,0,multiclass_probability_sum,0,0.4973167121875868,0.49,1,0.0037409984993754387,-0.006862846571352442
2019-06-10,20,0,multiclass_probability_sum,0,0.5121709627760751,0.49,1,0.0035765231852384212,-0.020766639423168518
2019-07-18,20,0,multiclass_probability_sum,0,0.5374019266121854,0.49,1,0.003405903784895885,-0.011789940036469056
2017-07-19,20,0,multiclass_probability_sum,0,0.5293991286867408,0.49,1,0.0029387607160508704,-0.015101133454089746
2019-09-26,20,0,multiclass_probability_sum,0,0.5094675863558975,0.49,1,0.0028724791086700095,-0.007761559654597735
2019-07-15,20,0,multiclass_probability_sum,0,0.5262080701742403,0.49,1,0.0028544458349634583,-0.008177048773216549
2017-06-22,20,0,multiclass_probability_sum,0,0.501896633617736,0.49,1,0.0027497068885404628,0.00033923515845335294
2019-08-13,20,0,multiclass_probability_sum,0,0.5542628204180255,0.49,1,0.002561799618121973,0.0021490497696231656
2019-04-23,20,0,multiclass_probability_sum,0,0.5572675480221851,0.49,1,0.0020949115776473766,-0.0219224344841608
2019-12-05,20,0,multiclass_probability_sum,0,0.5273621784036729,0.49,1,0.0019394222039348507,-0.012682994917054598
2017-04-13,20,0,multiclass_probability_sum,0,0.49567446766271084,0.49,1,0.0013795959972505922,-0.023424003657726924
2019-05-09,20,0,multiclass_probability_sum,0,0.609063936021284,0.49,1,0.0012663439182393392,-0.0005703783664362699
2019-12-04,20,0,multiclass_probability_sum,0,0.5026261404010327,0.49,1,0.0007968663911221969,-0.0154095577698012
2019-09-25,20,0,multiclass_probability_sum,0,0.5245579077675773,0.49,1,0.000496179931094838,-0.004273272201457231
2017-03-17,20,0,multiclass_probability_sum,0,0.4938560503601772,0.49,1,0.0004080570210768779,0.0004080570210768779
2019-12-12,20,0,multiclass_probability_sum,0,0.4940109058697829,0.49,1,0.0003820912831569795,-0.02001996811967432
2019-05-08,20,0,multiclass_probability_sum,0,0.6025088531154437,0.49,1,0.00019972354123654819,-0.005006096801877058
2019-09-30,20,0,multiclass_probability_sum,0,0.5086592281552333,0.49,1,-8.027937225833665e-05,-0.013608676161890565
2018-10-24,20,0,multiclass_probability_sum,0,0.510458984264882,0.49,1,-0.00018425288218226255,-0.037588199042231665
2019-08-09,20,0,multiclass_probability_sum,0,0.5333740691035949,0.49,1,-0.0002258193659966304,-0.0077376401544193545
2017-06-27,20,0,multiclass_probability_sum,0,0.5285616618815032,0.49,1,-0.0003127484094870101,-0.010175239206568643
2019-12-13,20,0,multiclass_probability_sum,0,0.5361751426973014,0.49,1,-0.0003519632338276393,-0.01796242868570413
2018-12-24,20,0,multiclass_probability_sum,0,0.5625046272422094,0.49,1,-0.0004183317431682654,-0.03396379685948027
2017-07-12,20,0,multiclass_probability_sum,0,0.5009966674756976,0.49,1,-0.0006589871219141771,-0.018815218229809826
2019-09-18,20,0,multiclass_probability_sum,0,0.4956208903109582,0.49,1,-0.0006936032967891672,-0.012192807149282826
2019-04-16,20,0,multiclass_probability_sum,0,0.5666567190908858,0.49,1,-0.0007063701570803637,-0.03135098616084908
2019-07-26,20,0,multiclass_probability_sum,0,0.5076582094583446,0.49,1,-0.0009064357554858315,-0.029359194641438796
2019-09-24,20,0,multiclass_probability_sum,0,0.522390999836801,0.49,1,-0.000951744599311199,-0.005113595623539197
2019-07-22,20,0,multiclass_probability_sum,0,0.5073968377783719,0.49,1,-0.0010290005849197044,-0.01790816614981403
2017-07-20,20,0,multiclass_probability_sum,0,0.5288411650002899,0.49,1,-0.0010677084347656745,-0.01134717537903535
2019-07-12,20,0,multiclass_probability_sum,0,0.5308819240446152,0.49,1,-0.0010873245709010061,-0.01112376870331856
2019-09-20,20,0,multiclass_probability_sum,0,0.5328035091244097,0.49,1,-0.0011719777453319577,-0.007367840976646597
2019-08-08,20,0,multiclass_probability_sum,0,0.5030050118624274,0.49,1,-0.00119015875990205,-0.008660916002481898
2019-09-27,20,0,multiclass_probability_sum,0,0.4910129985427366,0.49,1,-0.0012735597712173708,-0.014892270401507134
2019-12-25,20,0,multiclass_probability_sum,0,0.5017348468640744,0.49,1,-0.001395470156159926,-0.012503435314738784
2019-12-11,20,0,multiclass_probability_sum,0,0.5085188499825177,0.49,1,-0.0016962120272963719,-0.013398010711162983
2019-04-24,20,0,multiclass_probability_sum,0,0.529979468734735,0.49,1,-0.0018237149404701958,-0.031095112581470474
2019-03-27,20,0,multiclass_probability_sum,0,0.5247500919162982,0.49,1,-0.001825604084398054,-0.014044116684092623
2020-12-29,20,0,multiclass_probability_sum,0,0.49093246244198946,0.49,1,-0.0021122985465347782,-0.0021122985465347782
2019-03-25,20,0,multiclass_probability_sum,0,0.5259040450959359,0.49,1,-0.0021361465655404914,-0.008041981479762468
2019-04-25,20,0,multiclass_probability_sum,0,0.5440958907224946,0.49,1,-0.0021889605016105975,-0.028235112169633415
2019-09-23,20,0,multiclass_probability_sum,0,0.5458419989587351,0.49,1,-0.0022241301804010833,-0.002702100341789909
2017-07-27,20,0,multiclass_probability_sum,0,0.5230001077513616,0.49,1,-0.002244902874305816,-0.013361716576390745
2019-03-29,20,0,multiclass_probability_sum,0,0.5431021560083107,0.49,1,-0.0023069944799077734,-0.01900152895368352
2019-07-19,20,0,multiclass_probability_sum,0,0.4992583589317913,0.49,1,-0.0023849089445449113,-0.018213606036528794
2019-05-14,20,0,multiclass_probability_sum,0,0.5244864522661676,0.49,1,-0.0033931577997764646,-0.0197410964650186
2019-03-28,20,0,multiclass_probability_sum,0,0.5009183399969701,0.49,1,-0.003403616822799927,-0.021262521697871975
2019-07-11,20,0,multiclass_probability_sum,0,0.4932413733121428,0.49,1,-0.0034700398712623924,-0.01442975985174241
2018-11-21,20,0,multiclass_probability_sum,0,0.5137078998828186,0.49,1,-0.0036051727613321044,-0.00498770410210321
2019-07-09,20,0,multiclass_probability_sum,0,0.49337159361733385,0.49,1,-0.004592335574122841,-0.004592335574122841
2019-08-12,20,0,multiclass_probability_sum,0,0.5218391193961454,0.49,1,-0.00519129236290615,-0.008732690630181707
2018-11-23,20,0,multiclass_probability_sum,0,0.5499660382577474,0.49,1,-0.006239673184086433,-0.006239673184086433
2018-12-21,20,0,multiclass_probability_sum,0,0.5615926604216595,0.49,1,-0.006278851292029867,-0.03802790543993709
2019-05-07,20,0,multiclass_probability_sum,0,0.576970194216874,0.49,1,-0.006706089929227731,-0.01164910785094423
2018-11-22,20,0,multiclass_probability_sum,0,0.5245875176570978,0.49,1,-0.006707719461686144,-0.007001803473804419
2019-08-23,20,0,multiclass_probability_sum,0,0.5302514794506541,0.49,1,-0.006773860700850078,-0.023592155289832883
2017-07-14,20,0,multiclass_probability_sum,0,0.5205285969352366,0.49,1,-0.007124081547348708,-0.023235983660365663
2019-08-02,20,0,multiclass_probability_sum,0,0.5246068933784812,0.49,1,-0.007128566609590218,-0.027091562840029063
2017-08-03,20,0,multiclass_probability_sum,0,0.4937641436930048,0.49,1,-0.00729358841848695,-0.03514476878766704
2019-04-12,20,0,multiclass_probability_sum,0,0.5605561687136237,0.49,1,-0.007362472563163788,-0.03719773278016744
2019-12-09,20,0,multiclass_probability_sum,0,0.49449522831060444,0.49,1,-0.007460007375027002,-0.015575192669453064
2019-11-29,20,0,multiclass_probability_sum,0,0.528118694013616,0.49,1,-0.007486101984022797,-0.020418217196327627
2018-12-20,20,0,multiclass_probability_sum,0,0.5433362276054311,0.49,1,-0.007861013864164858,-0.044561662636141905
2017-07-25,20,0,multiclass_probability_sum,0,0.5081070583710479,0.49,1,-0.007863805056120412,-0.007863805056120412
2019-07-10,20,0,multiclass_probability_sum,0,0.49144777400009354,0.49,1,-0.007960528328810895,-0.009328021574953538
2019-12-06,20,0,multiclass_probability_sum,0,0.5216002161370106,0.49,1,-0.008096535229210621,-0.012984007463246674
2019-04-26,20,0,multiclass_probability_sum,0,0.5139520938547134,0.49,1,-0.008302715824406072,-0.03387550444501092
2019-07-30,20,0,multiclass_probability_sum,0,0.5286393412378754,0.49,1,-0.009404953138723878,-0.021952763799943823
2019-05-02,20,0,multiclass_probability_sum,0,0.5279041593720543,0.49,1,-0.009405359295388887,-0.032711134043714715
2017-08-02,20,0,multiclass_probability_sum,0,0.4965885829575867,0.49,1,-0.009687719547863669,-0.03227441526238653
2019-05-31,20,0,multiclass_probability_sum,0,0.5748800117206004,0.49,1,-0.010409451943424842,-0.017625351825661176
2019-04-11,20,0,multiclass_probability_sum,0,0.5402165218551512,0.49,1,-0.010511977466419494,-0.04029599058527876
2019-05-24,20,0,multiclass_probability_sum,0,0.5525611275467136,0.49,1,-0.01122739514091981,-0.02719023954449249
2019-12-10,20,0,multiclass_probability_sum,0,0.541560518343442,0.49,1,-0.011858012071671517,-0.011858012071671517
2020-01-08,20,0,multiclass_probability_sum,0,0.5493504442504218,0.49,1,-0.011978984157330745,-0.02461068587416849
2019-05-06,20,0,multiclass_probability_sum,0,0.5741597835948463,0.49,1,-0.012077187814464822,-0.012077187814464822
2019-11-28,20,0,multiclass_probability_sum,0,0.545933139818775,0.49,1,-0.012234597756595312,-0.02004730113244007
2019-05-28,20,0,multiclass_probability_sum,0,0.5502706170152372,0.49,1,-0.01228711249989959,-0.029219045150707192
2019-05-27,20,0,multiclass_probability_sum,0,0.5343548897787713,0.49,1,-0.01268341400751953,-0.03244429112368448
2019-05-29,20,0,multiclass_probability_sum,0,0.5531156414950895,0.49,1,-0.01285581784393675,-0.028745682103289087
2018-11-26,20,0,multiclass_probability_sum,0,0.5346890784610248,0.49,1,-0.013631680431320174,-0.013631680431320174
2019-07-17,20,0,multiclass_probability_sum,0,0.49710072381033343,0.49,1,-0.013999859704565746,-0.018447713452186966
2018-05-17,20,0,multiclass_probability_sum,0,0.49161650333385126,0.49,1,-0.014582247878077688,-0.10087070912390161
2019-02-27,20,0,multiclass_probability_sum,0,0.4984156325686372,0.49,1,-0.014607264171592969,-0.02536260381564388
2019-07-31,20,0,multiclass_probability_sum,0,0.5034915104353455,0.49,1,-0.0146275691831264,-0.027656432027313653
2019-05-03,20,0,multiclass_probability_sum,0,0.5503374882963054,0.49,1,-0.014746753830931983,-0.02824537768724655
2019-03-21,20,0,multiclass_probability_sum,0,0.5434636886032866,0.49,1,-0.015986048778058932,-0.020040998306504042
2019-04-10,20,0,multiclass_probability_sum,0,0.5537912640738869,0.49,1,-0.01701928356887639,-0.036190001667458734
2019-02-26,20,0,multiclass_probability_sum,0,0.4990649998470514,0.49,1,-0.01765127464570828,-0.022115798456987197
2018-12-19,20,0,multiclass_probability_sum,0,0.5423364257467553,0.49,1,-0.01860018268825031,-0.04565010996479472
2018-10-11,20,0,multiclass_probability_sum,0,0.4957632726723741,0.49,1,-0.020949718471412953,-0.062377814931187894
2018-05-22,20,0,multiclass_probability_sum,0,0.5001821182179526,0.49,1,-0.024384315543727518,-0.056500534186720845
2018-06-21,20,0,multiclass_probability_sum,0,0.49234738256097443,0.49,1,-0.02658293743177595,-0.08191158725145603
2018-05-21,20,0,multiclass_probability_sum,0,0.49905617159313176,0.49,1,-0.027609728516953636,-0.08555964848888746
2018-03-23,20,0,multiclass_probability_sum,0,0.4930638420132202,0.49,1,-0.029675141501173643,-0.0524624123708544
2017-12-28,20,0,candidate_risk_off,0,0.6551002730060704,0.62,1,0.12841965223067353,0.007669750391313547
2020-12-17,20,0,candidate_risk_off,0,0.685813231816595,0.62,1,0.12700204589722436,0.014807535459071354
2020-12-11,20,0,candidate_risk_off,0,0.6550735405344212,0.62,1,0.1247148192804355,0.005539335239784134
2020-12-10,20,0,candidate_risk_off,0,0.6467108759075285,0.62,1,0.12458553088434743,0.014493216658684761
2017-12-29,20,0,candidate_risk_off,0,0.6736628589045077,0.62,1,0.1205697962970256,0.011646537470923812
2020-12-15,20,0,candidate_risk_off,0,0.6977668182649794,0.62,1,0.11683179984726685,-0.003322199122111105
2020-12-18,20,0,candidate_risk_off,0,0.6249911776108026,0.62,1,0.11030023711320881,5.620661553331797e-05
2020-12-16,20,0,candidate_risk_off,0,0.6553710194724279,0.62,1,0.10692444264996757,-0.014367140970939841
2020-07-29,20,0,candidate_risk_off,0,0.6234191944037859,0.62,1,0.09937811268691556,0.00950152816203515
2018-01-02,20,0,candidate_risk_off,0,0.6538495082676447,0.62,1,0.09924910655462262,0.00989295781349941
2018-01-03,20,0,candidate_risk_off,0,0.6666869455399407,0.62,1,0.09422754735536777,0.006916671119652445
2019-01-18,20,0,candidate_risk_off,0,0.7370971298311438,0.62,1,0.0916562674702916,0.00469912687136281
2019-01-17,20,0,candidate_risk_off,0,0.731605074762086,0.62,1,0.0907548189324703,0.0004544975939980683
2020-12-24,20,0,candidate_risk_off,0,0.6560128340130315,0.62,1,0.08890961665820386,0.015707080542987972
2019-01-31,20,0,candidate_risk_off,0,0.6996367830391246,0.62,1,0.08760875704310059,-0.002176638284336294
2019-01-21,20,0,candidate_risk_off,0,0.6889378771716014,0.62,1,0.08757192819163838,-0.004951594624069967
2019-01-23,20,0,candidate_risk_off,0,0.7226783835305043,0.62,1,0.086535036377818,0.0005393951199936799
2019-01-28,20,0,candidate_risk_off,0,0.68851410959013,0.62,1,0.08588980722299562,-0.0038553470605831577
2019-01-22,20,0,candidate_risk_off,0,0.7124433687999536,0.62,1,0.08508464198756634,0.0017964109684048546
2019-01-30,20,0,candidate_risk_off,0,0.6692984607000059,0.62,1,0.08238836601126752,-0.007859684967815035
2019-02-01,20,0,candidate_risk_off,0,0.6842601294260462,0.62,1,0.08091342411489673,0.01900022821600692
2019-01-29,20,0,candidate_risk_off,0,0.6593286439826384,0.62,1,0.08023669091852725,-0.007957950579843092
2018-07-11,20,0,candidate_risk_off,0,0.7025676960122301,0.62,1,0.07867756210457225,0.005972099662405361
2020-12-23,20,0,candidate_risk_off,0,0.6843191715083141,0.62,1,0.07610074183286797,-0.010603802267021933
2020-05-13,20,0,candidate_risk_off,0,0.6230228620459045,0.62,1,0.07590959410034999,-0.008644199162932398
2019-01-25,20,0,candidate_risk_off,0,0.7094337910912725,0.62,1,0.07496187709222937,-0.0002310803014327476
2020-05-12,20,0,candidate_risk_off,0,0.6334137529812286,0.62,1,0.07311213508070045,-0.009973914907547192
2018-07-12,20,0,candidate_risk_off,0,0.7100998534565922,0.62,1,0.0698346520321962,0.012399024033988104
2019-01-16,20,0,candidate_risk_off,0,0.7181288115440886,0.62,1,0.06587882424667316,-0.007522445294844456
2019-02-12,20,0,candidate_risk_off,0,0.7544754205142923,0.62,1,0.06581498494699882,0.008190019170006169
2018-07-13,20,0,candidate_risk_off,0,0.6810793343747419,0.62,1,0.06258064677540606,0.0015267765469735056
2019-02-13,20,0,candidate_risk_off,0,0.7383936311697522,0.62,1,0.061701254728002454,0.005948945366130347
2019-02-11,20,0,candidate_risk_off,0,0.7487966350978039,0.62,1,0.061253247147876826,0.012277203424812862
2019-01-24,20,0,candidate_risk_off,0,0.7287954159097755,0.62,1,0.06050098501717585,-0.00013205242500450264
2018-07-05,20,0,candidate_risk_off,0,0.7783271131141151,0.62,1,0.05846398771392039,-0.006962138176787398
2019-01-15,20,0,candidate_risk_off,0,0.6612510040776728,0.62,1,0.05836140993933816,-0.0086003279100105
2019-02-14,20,0,candidate_risk_off,0,0.7323203429364306,0.62,1,0.057237747437769,-0.0015237257510060576
2019-02-15,20,0,candidate_risk_off,0,0.7329319916428537,0.62,1,0.054468426884677824,0.010888146934597942
2018-07-03,20,0,candidate_risk_off,0,0.7381371662148972,0.62,1,0.05411543614364413,-0.01428460734984051
2019-06-27,20,0,candidate_risk_off,0,0.6349192046568543,0.62,1,0.05350955981660503,0.007215899882236328
2019-02-18,20,0,candidate_risk_off,0,0.7264045619264684,0.62,1,0.051258965284842334,0.0031677641840349323
2020-10-27,20,0,candidate_risk_off,0,0.7652948723119823,0.62,1,0.05076699026674213,-0.02936610471647746
2018-07-10,20,0,candidate_risk_off,0,0.7179018769836434,0.62,1,0.04890931967063742,-0.019908875806276073
2018-07-09,20,0,candidate_risk_off,0,0.7227935461298146,0.62,1,0.048117634882293626,-0.0242894680575984
2017-04-25,20,0,candidate_risk_off,0,0.6821076415561738,0.62,1,0.04737724468021973,0.0034706091466691637
2017-04-24,20,0,candidate_risk_off,0,0.6792448677684555,0.62,1,0.045940604951117285,-0.002554748490722803
2017-04-26,20,0,candidate_risk_off,0,0.6882697398303926,0.62,1,0.045926403004442215,0.00909881011746366
2018-08-02,20,0,candidate_risk_off,0,0.6444504659502241,0.62,1,0.045631552081783315,0.0033920695862057464
2018-07-06,20,0,candidate_risk_off,0,0.7411165776626782,0.62,1,0.04485305191364855,-0.026897742892071363
2019-06-28,20,0,candidate_risk_off,0,0.6702372208229487,0.62,1,0.04468424450876656,0.010940627259386904
2020-10-26,20,0,candidate_risk_off,0,0.7702747733165494,0.62,1,0.044624599785585466,-0.03393056577653635
2017-04-20,20,0,candidate_risk_off,0,0.6731182490996167,0.62,1,0.04317098606703919,-0.007153751006242704
2019-02-19,20,0,candidate_risk_off,0,0.7447217486598228,0.62,1,0.04286936060436351,0.0011607301465913179
2020-06-15,20,0,candidate_risk_off,0,0.6347564110452919,0.62,1,0.04262367873939578,-0.008880474389333908
2017-05-31,20,0,candidate_risk_off,0,0.6394614379072097,0.62,1,0.04144309134514971,0.001340891283983128
2020-05-14,20,0,candidate_risk_off,0,0.625747213234624,0.62,1,0.041152550164235475,-0.006472124458451059
2017-04-27,20,0,candidate_risk_off,0,0.6333675958668027,0.62,1,0.04064054811274515,0.001673337163423305
2018-07-04,20,0,candidate_risk_off,0,0.7547468453693409,0.62,1,0.04046039514524429,-0.024147400094231553
2020-12-28,20,0,candidate_risk_off,0,0.6218204777325916,0.62,1,0.04022181261449624,0.005674175863858344
2018-07-31,20,0,candidate_risk_off,0,0.6475402091672957,0.62,1,0.03976789404961575,-0.0037922482540086702
2019-06-18,20,0,candidate_risk_off,0,0.6362350679519405,0.62,1,0.03956655906465657,-0.0009538344866621582
2020-08-26,20,0,candidate_risk_off,0,0.6389244621586546,0.62,1,0.03940915680302379,0.001418618458003321
2017-04-21,20,0,candidate_risk_off,0,0.6860083199227233,0.62,1,0.03925256552241183,-0.006802891044886987
2019-10-07,20,0,candidate_risk_off,0,0.6620476042441286,0.62,1,0.03923675349983921,0.00047797016138885837
2017-05-30,20,0,candidate_risk_off,0,0.6206880041346556,0.62,1,0.0389231717239137,-0.00052844455610758
2020-08-27,20,0,candidate_risk_off,0,0.6385386878278477,0.62,1,0.03764928837610901,0.0048697414461668625
2020-08-28,20,0,candidate_risk_off,0,0.6423075411006537,0.62,1,0.03742594115888105,0.0030330075561669596
2018-07-20,20,0,candidate_risk_off,0,0.6297101370378809,0.62,1,0.03731764527493286,-0.006244075806607737
2019-10-09,20,0,candidate_risk_off,0,0.6612624553045507,0.62,1,0.03684946467368815,-0.0043319755883622635
2018-08-01,20,0,candidate_risk_off,0,0.6367950409942059,0.62,1,0.03648121632445428,0.0008183306512319301
2019-10-10,20,0,candidate_risk_off,0,0.655711518659226,0.62,1,0.036446131641403194,-0.00387632782656924
2019-10-08,20,0,candidate_risk_off,0,0.6557362826554497,0.62,1,0.03589843671437548,-0.004726702447565098
2017-05-23,20,0,candidate_risk_off,0,0.6923700527028898,0.62,1,0.03587055833233459,-0.004206261484821539
2020-10-22,20,0,candidate_risk_off,0,0.7189981742783808,0.62,1,0.03451686571748417,-0.03298354618663422
2019-06-19,20,0,candidate_risk_off,0,0.6545671886162193,0.62,1,0.03403597247229007,-0.00695269072946088
2019-07-01,20,0,candidate_risk_off,0,0.6935343342719605,0.62,1,0.032933128278814804,-0.005420574020181379
2017-05-24,20,0,candidate_risk_off,0,0.6772821861687489,0.62,1,0.03267515796998809,-0.0066461583593629865
2017-05-25,20,0,candidate_risk_off,0,0.6600805912613472,0.62,1,0.032345795966205265,-0.0055280495977424226
2019-02-20,20,0,candidate_risk_off,0,0.7140759779208952,0.62,1,0.0321588070828459,-0.005278801545577757
2019-07-03,20,0,candidate_risk_off,0,0.7393047687368572,0.62,1,0.03204085463525454,0.006186635466783984
2018-08-03,20,0,candidate_risk_off,0,0.7020831733226074,0.62,1,0.030723657716830898,-0.0029325993288064106
2019-10-11,20,0,candidate_risk_off,0,0.6437514047306354,0.62,1,0.030434303964423207,-0.008383161376273785
2019-06-25,20,0,candidate_risk_off,0,0.6372086292642114,0.62,1,0.030090647808194284,-0.0178857671374698
2017-05-22,20,0,candidate_risk_off,0,0.645656265525328,0.62,1,0.030089699633637643,-0.008475541990804582
2019-06-26,20,0,candidate_risk_off,0,0.6291629188026874,0.62,1,0.030070967855582786,-0.016843698746014463
2019-06-13,20,0,candidate_risk_off,0,0.6216950128320694,0.62,1,0.029607442848981105,-0.007363266752325355
2020-10-23,20,0,candidate_risk_off,0,0.7181177559425079,0.62,1,0.029460019241957718,-0.0448717541771754
2020-09-07,20,0,candidate_risk_off,0,0.6279236707960402,0.62,1,0.029321042429757638,0.000641505421337044
2018-01-04,20,0,candidate_risk_off,0,0.6541895133420235,0.62,1,0.028003338212752034,-0.006986842041678716
2019-10-04,20,0,candidate_risk_off,0,0.666607435238113,0.62,1,0.027957371522973378,-0.004566959446908403
2018-08-16,20,0,candidate_risk_off,0,0.6825053911632428,0.62,1,0.027675854411163322,-0.006335620707820541
2018-08-15,20,0,candidate_risk_off,0,0.7128841759276662,0.62,1,0.027272738700283617,-0.0033132623195855264
2019-06-17,20,0,candidate_risk_off,0,0.6245386352059912,0.62,1,0.02665462986410589,-0.004063368658674628
2019-06-06,20,0,candidate_risk_off,0,0.6260723760455511,0.62,1,0.025849194599525394,-0.005393071887585847
2019-10-15,20,0,candidate_risk_off,0,0.6267313975809038,0.62,1,0.025138294365005955,-0.009602372667464984
2019-07-04,20,0,candidate_risk_off,0,0.7240669619221073,0.62,1,0.024716675683803712,-0.006899103878704171
2019-07-02,20,0,candidate_risk_off,0,0.7665394325747311,0.62,1,0.024682977943776628,-0.001654208464108109
2019-04-18,20,0,candidate_risk_off,0,0.7433447295910146,0.62,1,0.024624176643222914,-0.01601659956993887
2018-08-20,20,0,candidate_risk_off,0,0.6201368453813145,0.62,1,0.02431975435092923,-0.011858154005063938
2019-06-21,20,0,candidate_risk_off,0,0.6346290730683074,0.62,1,0.02383787689585791,-0.016916678890234862
2017-04-19,20,0,candidate_risk_off,0,0.6645935283318029,0.62,1,0.023508758826397212,-0.012904310776367712
2018-08-31,20,0,candidate_risk_off,0,0.6465020234219995,0.62,1,0.023312848529627426,-0.032194100522413074
2017-04-17,20,0,candidate_risk_off,0,0.6680436030204235,0.62,1,0.022768241508309816,-0.0045826040250256765
2018-08-22,20,0,candidate_risk_off,0,0.6504549831884089,0.62,1,0.022740034374938153,-0.0246979580203279
2019-10-22,20,0,candidate_risk_off,0,0.6269072542444427,0.62,1,0.021208087145676114,0.0006076011083239475
2019-10-18,20,0,candidate_risk_off,0,0.6211081631341137,0.62,1,0.020838776717216387,-0.0057178930699256225
2017-11-27,20,0,candidate_risk_off,0,0.6264989223547831,0.62,1,0.020771258971500003,-0.02280197493837821
2019-09-03,20,0,candidate_risk_off,0,0.6484745137650724,0.62,1,0.020445897806396704,-0.010314818934005938
2019-06-12,20,0,candidate_risk_off,0,0.6632313342331648,0.62,1,0.02021004350952242,-0.011658927814995286
2019-06-03,20,0,candidate_risk_off,0,0.7027981949283296,0.62,1,0.020020751558894285,-0.003556349602910216
2019-06-24,20,0,candidate_risk_off,0,0.6495405008649339,0.62,1,0.01973440429655077,-0.0207147116028272
2019-10-21,20,0,candidate_risk_off,0,0.6667432238948244,0.62,1,0.01948241055097286,0.003683880862839207
2019-08-29,20,0,candidate_risk_off,0,0.6376409268879236,0.62,1,0.019480182694388205,-0.0095282819543117
2018-08-17,20,0,candidate_risk_off,0,0.6746792074076844,0.62,1,0.019147117763872006,-0.01109467705283765
2019-09-11,20,0,candidate_risk_off,0,0.6716189508204664,0.62,1,0.018926139996944067,0.00694982698396375
2020-05-22,20,0,candidate_risk_off,0,0.6317241536032754,0.62,1,0.018381973459944724,-0.02405750929440259
2019-09-10,20,0,candidate_risk_off,0,0.6590745178072989,0.62,1,0.01834126820699308,-0.0009795986491536375
2019-04-19,20,0,candidate_risk_off,0,0.7715523894603378,0.62,1,0.01802109292856459,-0.020071549098384066
2019-06-07,20,0,candidate_risk_off,0,0.6651820984132595,0.62,1,0.017646117317804345,-0.01595708601771863
2019-06-20,20,0,candidate_risk_off,0,0.6220078672014375,0.62,1,0.017435061822101347,-0.016895827963931614
2019-04-22,20,0,candidate_risk_off,0,0.7443893957454196,0.62,1,0.017295165188918448,-0.01970924338085979
2018-01-08,20,0,candidate_risk_off,0,0.6516325479529899,0.62,1,0.017107689036458262,-0.011108494667151532
2017-04-18,20,0,candidate_risk_off,0,0.6861070357898555,0.62,1,0.01672808647734972,-0.010333938473448524
2018-08-06,20,0,candidate_risk_off,0,0.7044147815165611,0.62,1,0.01622827001385438,-0.003588907462978462
2019-07-05,20,0,candidate_risk_off,0,0.7385298146158527,0.62,1,0.016029309254069923,-0.009260040727115981
2019-09-05,20,0,candidate_risk_off,0,0.6679299525844873,0.62,1,0.015904948224733054,-0.007687207065099888
2019-04-17,20,0,candidate_risk_off,0,0.7133407924650823,0.62,1,0.015343063192532069,-0.02614902703460707
2019-09-04,20,0,candidate_risk_off,0,0.6543707170428799,0.62,1,0.013774966138574454,-0.008546797175437177
2019-09-06,20,0,candidate_risk_off,0,0.667369910494591,0.62,1,0.013774196069643417,-0.004908957624457802
2019-08-28,20,0,candidate_risk_off,0,0.6762049854816806,0.62,1,0.013709494653723314,-0.008168259248067179
2019-08-06,20,0,candidate_risk_off,0,0.6913750607944765,0.62,1,0.01340740077155723,0.0013674932461426568
2019-10-23,20,0,candidate_risk_off,0,0.6369119795079855,0.62,1,0.012844997692152495,0.0058645866307156
2019-08-30,20,0,candidate_risk_off,0,0.6277934945175848,0.62,1,0.012622477774764659,-0.015102392634318701
2018-08-07,20,0,candidate_risk_off,0,0.7096341944146951,0.62,1,0.012102597819898421,0.004775418842809872
2017-07-24,20,0,candidate_risk_off,0,0.632704055906977,0.62,1,0.011841580801544464,0.009862490797081545
2019-09-12,20,0,candidate_risk_off,0,0.6627854966847936,0.62,1,0.011520665251187211,0.007166367263228878
2019-06-04,20,0,candidate_risk_off,0,0.6879494297370949,0.62,1,0.011311368081104486,-0.008499367524626801
2019-08-07,20,0,candidate_risk_off,0,0.6587796993302013,0.62,1,0.01118031741507729,0.0009313107318555851
2019-08-27,20,0,candidate_risk_off,0,0.6752899008231288,0.62,1,0.01070225938355022,-0.007687207065099888
2020-06-11,20,0,candidate_risk_off,0,0.7398622077546454,0.62,1,0.010425422583736658,-0.04994893390379931
2019-10-02,20,0,candidate_risk_off,0,0.6810814057741803,0.62,1,0.009738641684204477,-0.008205569066818796
2019-06-05,20,0,candidate_risk_off,0,0.6719036467508419,0.62,1,0.009394357195599288,-0.008762169946023994
2017-07-21,20,0,candidate_risk_off,0,0.6235169211482756,0.62,1,0.009289145268510204,-0.0027865422867828166
2019-09-09,20,0,candidate_risk_off,0,0.6410327714553351,0.62,1,0.009166173076892128,-0.00495002117030078
2017-04-14,20,0,candidate_risk_off,0,0.657134917745026,0.62,1,0.009116919633703919,-0.015245416345282042
2018-08-14,20,0,candidate_risk_off,0,0.6872168679949222,0.62,1,0.008894465541275634,-0.02073961739318251
2020-06-12,20,0,candidate_risk_off,0,0.7086583415129444,0.62,1,0.008865991103110784,-0.04550034809041714
2019-08-14,20,0,candidate_risk_off,0,0.6263699093602717,0.62,1,0.007362576832462625,0.0004127498484988585
2019-06-11,20,0,candidate_risk_off,0,0.6431211992556437,0.62,1,0.007228997055534427,-0.01990428826815241
2018-08-13,20,0,candidate_risk_off,0,0.7152790965991866,0.62,1,0.007151984028563735,-0.0205044808339871
2019-07-08,20,0,candidate_risk_off,0,0.7465943627446318,0.62,1,0.007012145257107346,0.0027901227152799146
2019-10-03,20,0,candidate_risk_off,0,0.6549041305680615,0.62,1,0.006397948775387942,-0.009475961042640094
2019-08-05,20,0,candidate_risk_off,0,0.6663317138361399,0.62,1,0.006361064414175718,-0.008814358115950334
2019-07-24,20,0,candidate_risk_off,0,0.6854466729750227,0.62,1,0.006021835938840579,-0.02437371685203324
2019-05-10,20,0,candidate_risk_off,0,0.7211894643040389,0.62,1,0.0059974117793444815,-0.00640332463546395
2018-08-09,20,0,candidate_risk_off,0,0.7287864470091653,0.62,1,0.0055889195365372325,-0.0055263996944636936
2019-08-26,20,0,candidate_risk_off,0,0.641998706597784,0.62,1,0.005327230623868615,-0.013902559246863446
2019-09-13,20,0,candidate_risk_off,0,0.6685550839720844,0.62,1,0.004668891688416335,-0.00419223984924644
2019-05-13,20,0,candidate_risk_off,0,0.7107052966273552,0.62,1,0.004538270758571721,-0.012672019061686622
2019-09-16,20,0,candidate_risk_off,0,0.7038385595627027,0.62,1,0.0037409984993754387,-0.006862846571352442
2019-06-10,20,0,candidate_risk_off,0,0.6452148436330294,0.62,1,0.0035765231852384212,-0.020766639423168518
2019-07-18,20,0,candidate_risk_off,0,0.7021172421090239,0.62,1,0.003405903784895885,-0.011789940036469056
2019-09-26,20,0,candidate_risk_off,0,0.6463886923230509,0.62,1,0.0028724791086700095,-0.007761559654597735
2019-07-15,20,0,candidate_risk_off,0,0.7031973249930601,0.62,1,0.0028544458349634583,-0.008177048773216549
2018-07-02,20,0,candidate_risk_off,0,0.712118072367261,0.62,1,0.002720258098517188,-0.05869173941446819
2020-05-27,20,0,candidate_risk_off,0,0.654625047967886,0.62,1,0.002597267924451547,-0.029600669983685587
2019-07-25,20,0,candidate_risk_off,0,0.6807434269099917,0.62,1,0.0023190336713990733,-0.030968610067041064
2019-04-23,20,0,candidate_risk_off,0,0.7260968445918656,0.62,1,0.0020949115776473766,-0.0219224344841608
2018-08-10,20,0,candidate_risk_off,0,0.7194066330361222,0.62,1,0.0019290189135330892,-0.010671418471661451
2017-04-13,20,0,candidate_risk_off,0,0.657009897075314,0.62,1,0.0013795959972505922,-0.023424003657726924
2019-05-09,20,0,candidate_risk_off,0,0.7225587180258196,0.62,1,0.0012663439182393392,-0.0005703783664362699
2019-09-25,20,0,candidate_risk_off,0,0.6433810085154794,0.62,1,0.000496179931094838,-0.004273272201457231
2019-05-08,20,0,candidate_risk_off,0,0.7439707007375949,0.62,1,0.00019972354123654819,-0.005006096801877058
2019-09-30,20,0,candidate_risk_off,0,0.6556482112745962,0.62,1,-8.027937225833665e-05,-0.013608676161890565
2019-02-22,20,0,candidate_risk_off,0,0.6962915624987247,0.62,1,-0.0002022633273144508,-0.023988297068349693
2019-09-18,20,0,candidate_risk_off,0,0.6627427443987602,0.62,1,-0.0006936032967891672,-0.012192807149282826
2019-04-16,20,0,candidate_risk_off,0,0.7083096209836255,0.62,1,-0.0007063701570803637,-0.03135098616084908
2019-07-26,20,0,candidate_risk_off,0,0.7050311632042179,0.62,1,-0.0009064357554858315,-0.029359194641438796
2019-09-24,20,0,candidate_risk_off,0,0.6399888469582596,0.62,1,-0.000951744599311199,-0.005113595623539197
2019-07-22,20,0,candidate_risk_off,0,0.6706201101738531,0.62,1,-0.0010290005849197044,-0.01790816614981403
2018-01-05,20,0,candidate_risk_off,0,0.6695161245687165,0.62,1,-0.001037421360179052,-0.001037421360179052
2019-07-12,20,0,candidate_risk_off,0,0.7009242100197561,0.62,1,-0.0010873245709010061,-0.01112376870331856
2019-09-20,20,0,candidate_risk_off,0,0.6518324771706233,0.62,1,-0.0011719777453319577,-0.007367840976646597
2019-04-24,20,0,candidate_risk_off,0,0.7116850134441558,0.62,1,-0.0018237149404701958,-0.031095112581470474
2019-04-25,20,0,candidate_risk_off,0,0.7202745082429638,0.62,1,-0.0021889605016105975,-0.028235112169633415
2019-09-23,20,0,candidate_risk_off,0,0.6849070036914446,0.62,1,-0.0022241301804010833,-0.002702100341789909
2017-07-27,20,0,candidate_risk_off,0,0.6454317932448534,0.62,1,-0.002244902874305816,-0.013361716576390745
2019-07-19,20,0,candidate_risk_off,0,0.661872967842696,0.62,1,-0.0023849089445449113,-0.018213606036528794
2019-05-14,20,0,candidate_risk_off,0,0.6933221686643003,0.62,1,-0.0033931577997764646,-0.0197410964650186
2019-07-11,20,0,candidate_risk_off,0,0.657957907820459,0.62,1,-0.0034700398712623924,-0.01442975985174241
2019-09-17,20,0,candidate_risk_off,0,0.6530733503702413,0.62,1,-0.0037089383603675636,-0.013789281189221448
2019-10-01,20,0,candidate_risk_off,0,0.632508971218781,0.62,1,-0.0037284679316605357,-0.016644522493209732
2019-07-09,20,0,candidate_risk_off,0,0.6957015332102774,0.62,1,-0.004592335574122841,-0.004592335574122841
2019-07-23,20,0,candidate_risk_off,0,0.665294964653909,0.62,1,-0.004852780110896147,-0.025435465196099967
2019-02-21,20,0,candidate_risk_off,0,0.6861526882229223,0.62,1,-0.005880129670068056,-0.022632350936530366
2019-05-07,20,0,candidate_risk_off,0,0.7421698697248759,0.62,1,-0.006706089929227731,-0.01164910785094423
2017-07-28,20,0,candidate_risk_off,0,0.6258967318439775,0.62,1,-0.007051013251097357,-0.02058121854886282
2019-08-02,20,0,candidate_risk_off,0,0.702169557207543,0.62,1,-0.007128566609590218,-0.027091562840029063
2019-09-19,20,0,candidate_risk_off,0,0.633111730897076,0.62,1,-0.007327957418859179,-0.014150393418800658
2019-04-12,20,0,candidate_risk_off,0,0.6925708837344136,0.62,1,-0.007362472563163788,-0.03719773278016744
2017-07-25,20,0,candidate_risk_off,0,0.6620269083761146,0.62,1,-0.007863805056120412,-0.007863805056120412
2020-05-28,20,0,candidate_risk_off,0,0.637638411524292,0.62,1,-0.007925541783334425,-0.03415017837478513
2019-07-10,20,0,candidate_risk_off,0,0.6535706242818548,0.62,1,-0.007960528328810895,-0.009328021574953538
2019-04-26,20,0,candidate_risk_off,0,0.7272244572486426,0.62,1,-0.008302715824406072,-0.03387550444501092
2018-08-08,20,0,candidate_risk_off,0,0.6790372055758436,0.62,1,-0.008397210104434618,-0.008397210104434618
2019-07-30,20,0,candidate_risk_off,0,0.7143479846245068,0.62,1,-0.009404953138723878,-0.021952763799943823
2019-05-02,20,0,candidate_risk_off,0,0.7007479900857039,0.62,1,-0.009405359295388887,-0.032711134043714715
2017-07-26,20,0,candidate_risk_off,0,0.6501543381138984,0.62,1,-0.01026076307113248,-0.016441867583461448
2019-05-31,20,0,candidate_risk_off,0,0.7086513046240853,0.62,1,-0.010409451943424842,-0.017625351825661176
2019-04-11,20,0,candidate_risk_off,0,0.7041381687461309,0.62,1,-0.010511977466419494,-0.04029599058527876
2019-05-24,20,0,candidate_risk_off,0,0.7071806683663184,0.62,1,-0.01122739514091981,-0.02719023954449249
2020-01-08,20,0,candidate_risk_off,0,0.6540605465386687,0.62,1,-0.011978984157330745,-0.02461068587416849
2019-05-06,20,0,candidate_risk_off,0,0.7315343108590848,0.62,1,-0.012077187814464822,-0.012077187814464822
2019-05-28,20,0,candidate_risk_off,0,0.6865213106148487,0.62,1,-0.01228711249989959,-0.029219045150707192
2019-05-27,20,0,candidate_risk_off,0,0.6962226660837564,0.62,1,-0.01268341400751953,-0.03244429112368448
2019-05-29,20,0,candidate_risk_off,0,0.6908694394988654,0.62,1,-0.01285581784393675,-0.028745682103289087
2019-07-17,20,0,candidate_risk_off,0,0.6674753893198474,0.62,1,-0.013999859704565746,-0.018447713452186966
2019-02-27,20,0,candidate_risk_off,0,0.6630963236950043,0.62,1,-0.014607264171592969,-0.02536260381564388
2019-07-31,20,0,candidate_risk_off,0,0.7281951207070833,0.62,1,-0.0146275691831264,-0.027656432027313653
2019-04-01,20,0,candidate_risk_off,0,0.644427957111526,0.62,1,-0.01466396068414377,-0.02689273880145155
2019-05-03,20,0,candidate_risk_off,0,0.7013861642225279,0.62,1,-0.014746753830931983,-0.02824537768724655
2019-07-16,20,0,candidate_risk_off,0,0.6751385380361262,0.62,1,-0.01568063982375659,-0.017979443801754702
2019-03-21,20,0,candidate_risk_off,0,0.6419575414250498,0.62,1,-0.015986048778058932,-0.020040998306504042
2019-04-10,20,0,candidate_risk_off,0,0.6815100224590679,0.62,1,-0.01701928356887639,-0.036190001667458734
2019-02-26,20,0,candidate_risk_off,0,0.6734769157837338,0.62,1,-0.01765127464570828,-0.022115798456987197
2018-06-29,20,0,candidate_risk_off,0,0.6524810924247371,0.62,1,-0.026642930135080033,-0.07297971840262069
2018-06-28,20,0,candidate_risk_off,0,0.6704758252605344,0.62,1,-0.028812436458861435,-0.06940331465939453
