horizon,fold,model_kind,feature_group,feature,importance
20,0,logistic,base_plus_downside_all,downside_negative_day_ratio_60,2.824445455017222
20,0,logistic,base_plus_downside_all,downside_cumulative_negative_return_60,1.7678359021332664
20,0,logistic,base_plus_downside_all,ema_slope_50,1.5410830880110409
20,0,logistic,base_plus_downside_all,downside_lpm2_60,1.4197249311940303
20,0,logistic,base_plus_downside_all,log_return_60,1.3761946568375052
20,0,logistic,base_plus_downside_all,parkinson_volatility,1.3032620994922264
20,0,logistic,base_plus_downside_all,downside_return_q01_60,1.2911213146333202
20,0,logistic,base_plus_downside_all,downside_distance_to_high_120,1.1704213387454883
20,0,logistic,base_plus_downside_all,up_ratio_60,1.161849210780569
20,0,logistic,base_plus_downside_all,volatility_60,1.0451586988771429
20,0,logistic,base_plus_downside_all,sma_distance_200,1.006699618748976
20,0,logistic,base_plus_downside_all,downside_cumulative_negative_return_20,0.9792138269189934
20,0,logistic,base_plus_downside_all,downside_return_kurtosis_60,0.9552681736008859
20,0,logistic,base_plus_downside_all,upside_vol_40,0.950923878846789
20,0,logistic,base_plus_downside_all,downside_lpm2_20,0.9499007325306759
20,0,logistic,base_plus_downside_all,downside_return_skew_60,0.9374294845905807
20,0,logistic,base_plus_downside_all,downside_vol_60,0.896782897450859
20,0,logistic,base_plus_downside_all,sma_distance_100,0.8290858313479812
20,0,logistic,base_plus_downside_all,drawdown_from_high_60,0.8128121012370854
20,0,logistic,base_plus_downside_all,downside_lpm2_5,0.8120954649285267
20,0,logistic,base_plus_downside_all,distance_from_low_60,0.8053684315486068
20,0,logistic,base_plus_downside_all,downside_log_price_slope_10,0.7722616937795398
20,0,logistic,base_plus_downside_all,distance_from_low_20,0.7560946803034861
20,0,logistic,base_plus_downside_all,ewma_volatility,0.7446355740575722
20,0,logistic,base_plus_downside_all,upside_vol_20,0.739269484145661
20,0,logistic,base_plus_downside_all,downside_return_q10_20,0.7372245572263312
20,0,logistic,base_plus_downside_all,log_return_40,0.7324558626337756
20,0,logistic,base_plus_downside_all,downside_lpm2_10,0.7291488017492158
20,0,logistic,base_plus_downside_all,quarter,0.7246007677979961
20,0,logistic,base_plus_downside_all,volatility_40,0.7105384036394795
20,0,logistic,base_plus_downside_all,egarch_sigma,0.6919243556871338
20,0,logistic,base_plus_downside_all,log_volume,0.6782621440582652
20,0,logistic,base_plus_downside_all,sma_slope_50,0.6694776507827246
20,0,logistic,base_plus_downside_all,downside_vol_10,0.6597322240603897
20,0,logistic,base_plus_downside_all,downside_log_price_slope_60,0.6121601320159399
20,0,logistic,base_plus_downside_all,sma_slope_100,0.6075137905990751
20,0,logistic,base_plus_downside_all,month,0.5902182487453121
20,0,logistic,base_plus_downside_all,log_return_20,0.5707027810389109
20,0,logistic,base_plus_downside_all,downside_negative_volume_ratio_60,0.5583237920688282
20,0,logistic,base_plus_downside_all,sma_slope_20,0.5230497734403583
20,0,logistic,base_plus_downside_all,volatility_20,0.521226785832528
20,0,logistic,base_plus_downside_all,downside_negative_volume_ratio_20,0.5181293043746237
20,0,logistic,base_plus_downside_all,downside_return_q10_60,0.5086035787922973
20,0,logistic,base_plus_downside_all,up_ratio_40,0.5075133646436151
20,0,logistic,base_plus_downside_all,drawdown_from_high_40,0.49651133961224136
20,0,logistic,base_plus_downside_all,upside_vol_60,0.4934136306882056
20,0,logistic,base_plus_downside_all,egarch_log_variance,0.4863344971596794
20,0,logistic,base_plus_downside_all,up_ratio_10,0.4709914835192519
20,0,logistic,base_plus_downside_all,downside_vol_40,0.46959719597023236
20,0,logistic,base_plus_downside_all,sma_distance_50,0.46436243252569936
20,0,logistic,base_plus_downside_all,upside_vol_5,0.45486000123779596
20,0,logistic,base_plus_downside_all,sma_slope_200,0.450757167413094
20,0,logistic,base_plus_downside_all,downside_return_acceleration,0.45010895895384867
20,0,logistic,base_plus_downside_all,volatility_5,0.4498714517876149
20,0,logistic,base_plus_downside_all,ema_distance_5,0.4468408959006427
20,0,logistic,base_plus_downside_all,bollinger_bandwidth,0.4315760934594871
20,0,logistic,base_plus_downside_all,egarch_tail_risk_score,0.4194503276626091
20,0,logistic,base_plus_downside_all,downside_return_q05_20,0.3968080634403545
20,0,logistic,base_plus_downside_all,ema_slope_20,0.3800002619402487
20,0,logistic,base_plus_downside_all,downside_cumulative_negative_return_10,0.3751892445500254
20,0,logistic,base_plus_downside_all,downside_vol_5,0.3708739230321853
20,0,logistic,base_plus_downside_all,sma_distance_10,0.36539957853962335
20,0,logistic,base_plus_downside_all,hmm_state_duration,0.3594579953061473
20,0,logistic,base_plus_downside_all,ema_slope_10,0.3231494123279516
20,0,logistic,base_plus_downside_all,egarch_negative_shock,0.3191435567547351
20,0,logistic,base_plus_downside_all,downside_sigma_zscore,0.31671574323142204
20,0,logistic,base_plus_downside_all,sma_slope_5,0.31483073850835464
20,0,logistic,base_plus_downside_all,downside_log_price_slope_5,0.3065192585765965
20,0,logistic,base_plus_downside_all,log_return_10,0.3058982108683609
20,0,logistic,base_plus_downside_all,downside_log_price_slope_20,0.2987328757353475
20,0,logistic,base_plus_downside_all,up_ratio_5,0.2980436731263571
20,0,logistic,base_plus_downside_all,drawdown_from_high_20,0.2913350843666203
20,0,logistic,base_plus_downside_all,downside_vol_20,0.2650810159314266
20,0,logistic,base_plus_downside_all,vol_of_vol_40,0.2609505040888267
20,0,logistic,base_plus_downside_all,downside_negative_gap,0.25840540678285034
20,0,logistic,base_plus_downside_all,downside_hmm_transition_pressure,0.25147129419573583
20,0,logistic,base_plus_downside_all,vol_of_vol_5,0.24324477317959828
20,0,logistic,base_plus_downside_all,hmm_prob_state_2,0.21929534570374343
20,0,logistic,base_plus_downside_all,obv_zscore,0.21833137573395325
20,0,logistic,base_plus_downside_all,hmm_expected_volatility,0.2147768779395322
20,0,logistic,base_plus_downside_all,log_return_2,0.2095404852049189
20,0,logistic,base_plus_downside_all,drawdown_from_high_10,0.19509838531009271
20,0,logistic,base_plus_downside_all,downside_distance_to_high_252,0.19308086229699675
20,0,logistic,base_plus_downside_all,hmm_prob_state_0,0.19195720337548644
20,0,logistic,base_plus_downside_all,vol_of_vol_10,0.17846083739226873
20,0,logistic,base_plus_downside_all,egarch_standardized_residual,0.17757710053568715
20,0,logistic,base_plus_downside_all,volume_zscore,0.16541828903824662
20,0,logistic,base_plus_downside_all,up_ratio_20,0.1635210108729341
20,0,logistic,base_plus_downside_all,signed_streak,0.14304180007045877
20,0,logistic,base_plus_downside_all,downside_hmm_risk_probability,0.14016569849167085
20,0,logistic,base_plus_downside_all,ema_distance_200,0.1382740031665684
20,0,logistic,base_plus_downside_all,downside_negative_return_streak,0.13469657884286457
20,0,logistic,base_plus_downside_all,vol_of_vol_60,0.1300179390693659
20,0,logistic,base_plus_downside_all,ma_cross_200,0.12875128192731114
20,0,logistic,base_plus_downside_all,hmm_expected_return,0.11615840253567483
20,0,logistic,base_plus_downside_all,ma_cross_10,0.11509305839120865
20,0,logistic,base_plus_downside_all,ma_cross_20,0.11305386191415541
20,0,logistic,base_plus_downside_all,ma_cross_100,0.10965557442051954
20,0,logistic,base_plus_downside_all,candle_body,0.10887663793825872
20,0,logistic,base_plus_downside_all,sma_slope_10,0.10854148972954503
20,0,logistic,base_plus_downside_all,volatility_10,0.10660951973992824
20,0,logistic,base_plus_downside_all,downside_sigma_change,0.1043233000610805
20,0,logistic,base_plus_downside_all,upper_shadow,0.10415683724105033
20,0,logistic,base_plus_downside_all,ma_cross_50,0.10360643849592716
20,0,logistic,base_plus_downside_all,distance_from_low_5,0.10010074182469861
20,0,logistic,base_plus_downside_all,upside_vol_10,0.09683462671064048
20,0,logistic,base_plus_downside_all,downside_return_kurtosis_20,0.09427288424024986
20,0,logistic,base_plus_downside_all,downside_hmm_turbulence_change,0.09261636693375032
20,0,logistic,base_plus_downside_all,egarch_volatility_change,0.08854369196460038
20,0,logistic,base_plus_downside_all,log_return_5,0.08594218651588728
20,0,logistic,base_plus_downside_all,vol_of_vol_20,0.08390210167870844
20,0,logistic,base_plus_downside_all,drawdown_from_high_5,0.08149967267541317
20,0,logistic,base_plus_downside_all,distance_from_low_10,0.0755905125114141
20,0,logistic,base_plus_downside_all,volume_ratio_20,0.07481687391970207
20,0,logistic,base_plus_downside_all,hmm_prob_state_3,0.07408333417527221
20,0,logistic,base_plus_downside_all,is_month_start,0.07301972721209196
20,0,logistic,base_plus_downside_all,macd_signal,0.07102541184961549
20,0,logistic,base_plus_downside_all,macd_hist,0.06486476594411957
20,0,logistic,base_plus_downside_all,downside_return_q01_20,0.06371633255983351
20,0,logistic,base_plus_downside_all,macd,0.05921296559138828
20,0,logistic,base_plus_downside_all,hl_range,0.05850876984274293
20,0,logistic,base_plus_downside_all,up_ratio_2,0.056925986521655876
20,0,logistic,base_plus_downside_all,ma_cross_5,0.0552468744893219
20,0,logistic,base_plus_downside_all,drawdown_from_high_2,0.05268286109533428
20,0,logistic,base_plus_downside_all,distance_from_low_40,0.04878813272109632
20,0,logistic,base_plus_downside_all,hmm_entropy,0.037857440709637445
20,0,logistic,base_plus_downside_all,volume_change,0.03677425148131327
20,0,logistic,base_plus_downside_all,distance_from_low_2,0.036137581592797334
20,0,logistic,base_plus_downside_all,close_position_hl,0.03128592986482609
20,0,logistic,base_plus_downside_all,lower_shadow,0.02919292563268658
20,0,logistic,base_plus_downside_all,downside_negative_volume_shock,0.027444161751991644
20,0,logistic,base_plus_downside_all,return_volume_interaction,0.026803979036897917
20,0,logistic,base_plus_downside_all,atr_14,0.0257048721662924
20,0,logistic,base_plus_downside_all,sma_distance_5,0.01965077003150928
20,0,logistic,base_plus_downside_all,ret_1,0.010910242977724116
20,0,logistic,base_plus_downside_all,downside_return_skew_20,0.009141778608349138
20,0,logistic,base_plus_downside_all,hmm_prob_state_1,0.008429340322835715
20,0,logistic,base_plus_downside_all,downside_cumulative_negative_return_5,0.007163597484050204
20,0,logistic,base_plus_downside_all,is_month_end,0.007061557064742547
20,0,logistic,base_plus_downside_all,downside_return_q05_60,0.0037559884530632805
20,0,logistic,base_plus_downside_all,sma_distance_20,0.0029184117762065752
20,0,logistic,base_plus_downside_all,egarch_volatility_percentile,0.0008922506688441818
20,0,logistic,base_plus_downside_all,day_of_week,0.0005906603109301315
